ISO-10303-21;
HEADER;
FILE_DESCRIPTION(('Open CASCADE Model'),'2;1');
FILE_NAME('Open CASCADE Shape Model','2026-09-14T07:49:56',('Author'),(
    'Open CASCADE'),'Open CASCADE STEP processor 7.9','build123d',
  'Unknown');
FILE_SCHEMA(('AUTOMOTIVE_DESIGN { 1 0 10303 214 1 1 1 1 }'));
ENDSEC;
DATA;
#1 = APPLICATION_PROTOCOL_DEFINITION('international standard',
  'automotive_design',2000,#2);
#2 = APPLICATION_CONTEXT(
  'core data for automotive mechanical design processes');
#3 = SHAPE_DEFINITION_REPRESENTATION(#4,#10);
#4 = PRODUCT_DEFINITION_SHAPE('','',#5);
#5 = PRODUCT_DEFINITION('design','',#6,#9);
#6 = PRODUCT_DEFINITION_FORMATION('','',#7);
#7 = PRODUCT('=>[0:1:1:2]','=>[0:1:1:2]','',(#8));
#8 = PRODUCT_CONTEXT('',#2,'mechanical');
#9 = PRODUCT_DEFINITION_CONTEXT('part definition',#2,'design');
#10 = SHAPE_REPRESENTATION('',(#11,#15),#19);
#11 = AXIS2_PLACEMENT_3D('',#12,#13,#14);
#12 = CARTESIAN_POINT('',(0.,0.,0.));
#13 = DIRECTION('',(0.,0.,1.));
#14 = DIRECTION('',(1.,0.,-0.));
#15 = AXIS2_PLACEMENT_3D('',#16,#17,#18);
#16 = CARTESIAN_POINT('',(61.,41.,0.));
#17 = DIRECTION('',(0.,0.,1.));
#18 = DIRECTION('',(1.,0.,-0.));
#19 = ( GEOMETRIC_REPRESENTATION_CONTEXT(3) 
GLOBAL_UNCERTAINTY_ASSIGNED_CONTEXT((#23)) GLOBAL_UNIT_ASSIGNED_CONTEXT(
(#20,#21,#22)) REPRESENTATION_CONTEXT('Context #1',
  '3D Context with UNIT and UNCERTAINTY') );
#20 = ( LENGTH_UNIT() NAMED_UNIT(*) SI_UNIT(.MILLI.,.METRE.) );
#21 = ( NAMED_UNIT(*) PLANE_ANGLE_UNIT() SI_UNIT($,.RADIAN.) );
#22 = ( NAMED_UNIT(*) SI_UNIT($,.STERADIAN.) SOLID_ANGLE_UNIT() );
#23 = UNCERTAINTY_MEASURE_WITH_UNIT(LENGTH_MEASURE(1.E-07),#20,
  'distance_accuracy_value','confusion accuracy');
#24 = PRODUCT_RELATED_PRODUCT_CATEGORY('part',$,(#7));
#25 = SHAPE_DEFINITION_REPRESENTATION(#26,#32);
#26 = PRODUCT_DEFINITION_SHAPE('','',#27);
#27 = PRODUCT_DEFINITION('design','',#28,#31);
#28 = PRODUCT_DEFINITION_FORMATION('','',#29);
#29 = PRODUCT('COMPOUND','COMPOUND','',(#30));
#30 = PRODUCT_CONTEXT('',#2,'mechanical');
#31 = PRODUCT_DEFINITION_CONTEXT('part definition',#2,'design');
#32 = ADVANCED_BREP_SHAPE_REPRESENTATION('',(#11,#33),#3977);
#33 = MANIFOLD_SOLID_BREP('',#34);
#34 = CLOSED_SHELL('',(#35,#269,#355,#645,#1039,#1066,#1135,#1182,#1229,
    #1254,#1281,#1308,#1335,#1469,#1549,#1623,#1670,#1717,#1742,#1819,
    #1869,#1918,#1968,#2103,#2226,#2275,#2303,#2375,#2424,#2474,#2481,
    #2746,#2753,#2808,#2863,#2918,#2973,#3028,#3083,#3138,#3193,#3232,
    #3271,#3310,#3349,#3388,#3427,#3466,#3505,#3560,#3615,#3670,#3725,
    #3780,#3835,#3890,#3945,#3949,#3953,#3957,#3961,#3965,#3969,#3973));
#35 = ADVANCED_FACE('',(#36,#155),#50,.T.);
#36 = FACE_BOUND('',#37,.T.);
#37 = EDGE_LOOP('',(#38,#73,#101,#129));
#38 = ORIENTED_EDGE('',*,*,#39,.T.);
#39 = EDGE_CURVE('',#40,#42,#44,.T.);
#40 = VERTEX_POINT('',#41);
#41 = CARTESIAN_POINT('',(-61.,-35.,0.));
#42 = VERTEX_POINT('',#43);
#43 = CARTESIAN_POINT('',(-61.,-35.,18.));
#44 = SURFACE_CURVE('',#45,(#49,#61),.PCURVE_S1.);
#45 = LINE('',#46,#47);
#46 = CARTESIAN_POINT('',(-61.,-35.,0.));
#47 = VECTOR('',#48,1.);
#48 = DIRECTION('',(0.,0.,1.));
#49 = PCURVE('',#50,#55);
#50 = PLANE('',#51);
#51 = AXIS2_PLACEMENT_3D('',#52,#53,#54);
#52 = CARTESIAN_POINT('',(-61.,-35.,0.));
#53 = DIRECTION('',(-1.,0.,0.));
#54 = DIRECTION('',(0.,1.,0.));
#55 = DEFINITIONAL_REPRESENTATION('',(#56),#60);
#56 = LINE('',#57,#58);
#57 = CARTESIAN_POINT('',(0.,0.));
#58 = VECTOR('',#59,1.);
#59 = DIRECTION('',(0.,-1.));
#60 = ( GEOMETRIC_REPRESENTATION_CONTEXT(2) 
PARAMETRIC_REPRESENTATION_CONTEXT() REPRESENTATION_CONTEXT('2D SPACE',''
  ) );
#61 = PCURVE('',#62,#67);
#62 = CYLINDRICAL_SURFACE('',#63,6.);
#63 = AXIS2_PLACEMENT_3D('',#64,#65,#66);
#64 = CARTESIAN_POINT('',(-55.,-35.,0.));
#65 = DIRECTION('',(0.,0.,-1.));
#66 = DIRECTION('',(-1.,0.,0.));
#67 = DEFINITIONAL_REPRESENTATION('',(#68),#72);
#68 = LINE('',#69,#70);
#69 = CARTESIAN_POINT('',(6.28318530718,0.));
#70 = VECTOR('',#71,1.);
#71 = DIRECTION('',(0.,-1.));
#72 = ( GEOMETRIC_REPRESENTATION_CONTEXT(2) 
PARAMETRIC_REPRESENTATION_CONTEXT() REPRESENTATION_CONTEXT('2D SPACE',''
  ) );
#73 = ORIENTED_EDGE('',*,*,#74,.T.);
#74 = EDGE_CURVE('',#42,#75,#77,.T.);
#75 = VERTEX_POINT('',#76);
#76 = CARTESIAN_POINT('',(-61.,34.999999993001,18.));
#77 = SURFACE_CURVE('',#78,(#82,#89),.PCURVE_S1.);
#78 = LINE('',#79,#80);
#79 = CARTESIAN_POINT('',(-61.,6.181721801113E-13,18.));
#80 = VECTOR('',#81,1.);
#81 = DIRECTION('',(0.,1.,0.));
#82 = PCURVE('',#50,#83);
#83 = DEFINITIONAL_REPRESENTATION('',(#84),#88);
#84 = LINE('',#85,#86);
#85 = CARTESIAN_POINT('',(35.000000000001,-18.));
#86 = VECTOR('',#87,1.);
#87 = DIRECTION('',(1.,0.));
#88 = ( GEOMETRIC_REPRESENTATION_CONTEXT(2) 
PARAMETRIC_REPRESENTATION_CONTEXT() REPRESENTATION_CONTEXT('2D SPACE',''
  ) );
#89 = PCURVE('',#90,#95);
#90 = PLANE('',#91);
#91 = AXIS2_PLACEMENT_3D('',#92,#93,#94);
#92 = CARTESIAN_POINT('',(-2.861702473932E-16,-1.561321252058E-09,18.));
#93 = DIRECTION('',(0.,0.,1.));
#94 = DIRECTION('',(1.,0.,0.));
#95 = DEFINITIONAL_REPRESENTATION('',(#96),#100);
#96 = LINE('',#97,#98);
#97 = CARTESIAN_POINT('',(-61.,1.561939424238E-09));
#98 = VECTOR('',#99,1.);
#99 = DIRECTION('',(0.,1.));
#100 = ( GEOMETRIC_REPRESENTATION_CONTEXT(2) 
PARAMETRIC_REPRESENTATION_CONTEXT() REPRESENTATION_CONTEXT('2D SPACE',''
  ) );
#101 = ORIENTED_EDGE('',*,*,#102,.F.);
#102 = EDGE_CURVE('',#103,#75,#105,.T.);
#103 = VERTEX_POINT('',#104);
#104 = CARTESIAN_POINT('',(-61.,34.999999993001,0.));
#105 = SURFACE_CURVE('',#106,(#110,#117),.PCURVE_S1.);
#106 = LINE('',#107,#108);
#107 = CARTESIAN_POINT('',(-61.,34.999999993001,0.));
#108 = VECTOR('',#109,1.);
#109 = DIRECTION('',(0.,0.,1.));
#110 = PCURVE('',#50,#111);
#111 = DEFINITIONAL_REPRESENTATION('',(#112),#116);
#112 = LINE('',#113,#114);
#113 = CARTESIAN_POINT('',(69.999999993002,0.));
#114 = VECTOR('',#115,1.);
#115 = DIRECTION('',(0.,-1.));
#116 = ( GEOMETRIC_REPRESENTATION_CONTEXT(2) 
PARAMETRIC_REPRESENTATION_CONTEXT() REPRESENTATION_CONTEXT('2D SPACE',''
  ) );
#117 = PCURVE('',#118,#123);
#118 = CYLINDRICAL_SURFACE('',#119,6.);
#119 = AXIS2_PLACEMENT_3D('',#120,#121,#122);
#120 = CARTESIAN_POINT('',(-55.,34.999999993001,0.));
#121 = DIRECTION('',(0.,0.,-1.));
#122 = DIRECTION('',(-1.,0.,0.));
#123 = DEFINITIONAL_REPRESENTATION('',(#124),#128);
#124 = LINE('',#125,#126);
#125 = CARTESIAN_POINT('',(0.,0.));
#126 = VECTOR('',#127,1.);
#127 = DIRECTION('',(0.,-1.));
#128 = ( GEOMETRIC_REPRESENTATION_CONTEXT(2) 
PARAMETRIC_REPRESENTATION_CONTEXT() REPRESENTATION_CONTEXT('2D SPACE',''
  ) );
#129 = ORIENTED_EDGE('',*,*,#130,.F.);
#130 = EDGE_CURVE('',#40,#103,#131,.T.);
#131 = SURFACE_CURVE('',#132,(#136,#143),.PCURVE_S1.);
#132 = LINE('',#133,#134);
#133 = CARTESIAN_POINT('',(-61.,6.181721801113E-13,0.));
#134 = VECTOR('',#135,1.);
#135 = DIRECTION('',(0.,1.,0.));
#136 = PCURVE('',#50,#137);
#137 = DEFINITIONAL_REPRESENTATION('',(#138),#142);
#138 = LINE('',#139,#140);
#139 = CARTESIAN_POINT('',(35.000000000001,0.));
#140 = VECTOR('',#141,1.);
#141 = DIRECTION('',(1.,0.));
#142 = ( GEOMETRIC_REPRESENTATION_CONTEXT(2) 
PARAMETRIC_REPRESENTATION_CONTEXT() REPRESENTATION_CONTEXT('2D SPACE',''
  ) );
#143 = PCURVE('',#144,#149);
#144 = PLANE('',#145);
#145 = AXIS2_PLACEMENT_3D('',#146,#147,#148);
#146 = CARTESIAN_POINT('',(-2.861702473932E-16,-1.561321252058E-09,0.));
#147 = DIRECTION('',(0.,0.,1.));
#148 = DIRECTION('',(1.,0.,0.));
#149 = DEFINITIONAL_REPRESENTATION('',(#150),#154);
#150 = LINE('',#151,#152);
#151 = CARTESIAN_POINT('',(-61.,1.561939424238E-09));
#152 = VECTOR('',#153,1.);
#153 = DIRECTION('',(0.,1.));
#154 = ( GEOMETRIC_REPRESENTATION_CONTEXT(2) 
PARAMETRIC_REPRESENTATION_CONTEXT() REPRESENTATION_CONTEXT('2D SPACE',''
  ) );
#155 = FACE_BOUND('',#156,.T.);
#156 = EDGE_LOOP('',(#157,#187,#215,#243));
#157 = ORIENTED_EDGE('',*,*,#158,.F.);
#158 = EDGE_CURVE('',#159,#161,#163,.T.);
#159 = VERTEX_POINT('',#160);
#160 = CARTESIAN_POINT('',(-61.,-6.,4.25));
#161 = VERTEX_POINT('',#162);
#162 = CARTESIAN_POINT('',(-61.,-6.,10.75));
#163 = SURFACE_CURVE('',#164,(#168,#175),.PCURVE_S1.);
#164 = LINE('',#165,#166);
#165 = CARTESIAN_POINT('',(-61.,-6.,7.5));
#166 = VECTOR('',#167,1.);
#167 = DIRECTION('',(0.,0.,1.));
#168 = PCURVE('',#50,#169);
#169 = DEFINITIONAL_REPRESENTATION('',(#170),#174);
#170 = LINE('',#171,#172);
#171 = CARTESIAN_POINT('',(29.000000000001,-7.5));
#172 = VECTOR('',#173,1.);
#173 = DIRECTION('',(0.,-1.));
#174 = ( GEOMETRIC_REPRESENTATION_CONTEXT(2) 
PARAMETRIC_REPRESENTATION_CONTEXT() REPRESENTATION_CONTEXT('2D SPACE',''
  ) );
#175 = PCURVE('',#176,#181);
#176 = PLANE('',#177);
#177 = AXIS2_PLACEMENT_3D('',#178,#179,#180);
#178 = CARTESIAN_POINT('',(-61.,-6.,4.25));
#179 = DIRECTION('',(0.,-1.,0.));
#180 = DIRECTION('',(0.,0.,1.));
#181 = DEFINITIONAL_REPRESENTATION('',(#182),#186);
#182 = LINE('',#183,#184);
#183 = CARTESIAN_POINT('',(3.25,0.));
#184 = VECTOR('',#185,1.);
#185 = DIRECTION('',(1.,0.));
#186 = ( GEOMETRIC_REPRESENTATION_CONTEXT(2) 
PARAMETRIC_REPRESENTATION_CONTEXT() REPRESENTATION_CONTEXT('2D SPACE',''
  ) );
#187 = ORIENTED_EDGE('',*,*,#188,.T.);
#188 = EDGE_CURVE('',#159,#189,#191,.T.);
#189 = VERTEX_POINT('',#190);
#190 = CARTESIAN_POINT('',(-61.,6.,4.25));
#191 = SURFACE_CURVE('',#192,(#196,#203),.PCURVE_S1.);
#192 = LINE('',#193,#194);
#193 = CARTESIAN_POINT('',(-61.,0.,4.25));
#194 = VECTOR('',#195,1.);
#195 = DIRECTION('',(0.,1.,0.));
#196 = PCURVE('',#50,#197);
#197 = DEFINITIONAL_REPRESENTATION('',(#198),#202);
#198 = LINE('',#199,#200);
#199 = CARTESIAN_POINT('',(35.000000000001,-4.25));
#200 = VECTOR('',#201,1.);
#201 = DIRECTION('',(1.,0.));
#202 = ( GEOMETRIC_REPRESENTATION_CONTEXT(2) 
PARAMETRIC_REPRESENTATION_CONTEXT() REPRESENTATION_CONTEXT('2D SPACE',''
  ) );
#203 = PCURVE('',#204,#209);
#204 = PLANE('',#205);
#205 = AXIS2_PLACEMENT_3D('',#206,#207,#208);
#206 = CARTESIAN_POINT('',(-61.,-6.,4.25));
#207 = DIRECTION('',(0.,0.,1.));
#208 = DIRECTION('',(0.,1.,0.));
#209 = DEFINITIONAL_REPRESENTATION('',(#210),#214);
#210 = LINE('',#211,#212);
#211 = CARTESIAN_POINT('',(6.,0.));
#212 = VECTOR('',#213,1.);
#213 = DIRECTION('',(1.,0.));
#214 = ( GEOMETRIC_REPRESENTATION_CONTEXT(2) 
PARAMETRIC_REPRESENTATION_CONTEXT() REPRESENTATION_CONTEXT('2D SPACE',''
  ) );
#215 = ORIENTED_EDGE('',*,*,#216,.T.);
#216 = EDGE_CURVE('',#189,#217,#219,.T.);
#217 = VERTEX_POINT('',#218);
#218 = CARTESIAN_POINT('',(-61.,6.,10.75));
#219 = SURFACE_CURVE('',#220,(#224,#231),.PCURVE_S1.);
#220 = LINE('',#221,#222);
#221 = CARTESIAN_POINT('',(-61.,6.,7.5));
#222 = VECTOR('',#223,1.);
#223 = DIRECTION('',(0.,0.,1.));
#224 = PCURVE('',#50,#225);
#225 = DEFINITIONAL_REPRESENTATION('',(#226),#230);
#226 = LINE('',#227,#228);
#227 = CARTESIAN_POINT('',(41.000000000001,-7.5));
#228 = VECTOR('',#229,1.);
#229 = DIRECTION('',(0.,-1.));
#230 = ( GEOMETRIC_REPRESENTATION_CONTEXT(2) 
PARAMETRIC_REPRESENTATION_CONTEXT() REPRESENTATION_CONTEXT('2D SPACE',''
  ) );
#231 = PCURVE('',#232,#237);
#232 = PLANE('',#233);
#233 = AXIS2_PLACEMENT_3D('',#234,#235,#236);
#234 = CARTESIAN_POINT('',(-61.,6.,4.25));
#235 = DIRECTION('',(0.,-1.,0.));
#236 = DIRECTION('',(0.,0.,1.));
#237 = DEFINITIONAL_REPRESENTATION('',(#238),#242);
#238 = LINE('',#239,#240);
#239 = CARTESIAN_POINT('',(3.25,0.));
#240 = VECTOR('',#241,1.);
#241 = DIRECTION('',(1.,0.));
#242 = ( GEOMETRIC_REPRESENTATION_CONTEXT(2) 
PARAMETRIC_REPRESENTATION_CONTEXT() REPRESENTATION_CONTEXT('2D SPACE',''
  ) );
#243 = ORIENTED_EDGE('',*,*,#244,.F.);
#244 = EDGE_CURVE('',#161,#217,#245,.T.);
#245 = SURFACE_CURVE('',#246,(#250,#257),.PCURVE_S1.);
#246 = LINE('',#247,#248);
#247 = CARTESIAN_POINT('',(-61.,0.,10.75));
#248 = VECTOR('',#249,1.);
#249 = DIRECTION('',(0.,1.,0.));
#250 = PCURVE('',#50,#251);
#251 = DEFINITIONAL_REPRESENTATION('',(#252),#256);
#252 = LINE('',#253,#254);
#253 = CARTESIAN_POINT('',(35.000000000001,-10.75));
#254 = VECTOR('',#255,1.);
#255 = DIRECTION('',(1.,0.));
#256 = ( GEOMETRIC_REPRESENTATION_CONTEXT(2) 
PARAMETRIC_REPRESENTATION_CONTEXT() REPRESENTATION_CONTEXT('2D SPACE',''
  ) );
#257 = PCURVE('',#258,#263);
#258 = PLANE('',#259);
#259 = AXIS2_PLACEMENT_3D('',#260,#261,#262);
#260 = CARTESIAN_POINT('',(-61.,-6.,10.75));
#261 = DIRECTION('',(0.,0.,1.));
#262 = DIRECTION('',(0.,1.,0.));
#263 = DEFINITIONAL_REPRESENTATION('',(#264),#268);
#264 = LINE('',#265,#266);
#265 = CARTESIAN_POINT('',(6.,0.));
#266 = VECTOR('',#267,1.);
#267 = DIRECTION('',(1.,0.));
#268 = ( GEOMETRIC_REPRESENTATION_CONTEXT(2) 
PARAMETRIC_REPRESENTATION_CONTEXT() REPRESENTATION_CONTEXT('2D SPACE',''
  ) );
#269 = ADVANCED_FACE('',(#270),#62,.T.);
#270 = FACE_BOUND('',#271,.T.);
#271 = EDGE_LOOP('',(#272,#302,#328,#329));
#272 = ORIENTED_EDGE('',*,*,#273,.T.);
#273 = EDGE_CURVE('',#274,#276,#278,.T.);
#274 = VERTEX_POINT('',#275);
#275 = CARTESIAN_POINT('',(-55.,-41.,0.));
#276 = VERTEX_POINT('',#277);
#277 = CARTESIAN_POINT('',(-55.,-41.,18.));
#278 = SURFACE_CURVE('',#279,(#283,#290),.PCURVE_S1.);
#279 = LINE('',#280,#281);
#280 = CARTESIAN_POINT('',(-55.,-41.,0.));
#281 = VECTOR('',#282,1.);
#282 = DIRECTION('',(0.,0.,1.));
#283 = PCURVE('',#62,#284);
#284 = DEFINITIONAL_REPRESENTATION('',(#285),#289);
#285 = LINE('',#286,#287);
#286 = CARTESIAN_POINT('',(4.712388980385,0.));
#287 = VECTOR('',#288,1.);
#288 = DIRECTION('',(0.,-1.));
#289 = ( GEOMETRIC_REPRESENTATION_CONTEXT(2) 
PARAMETRIC_REPRESENTATION_CONTEXT() REPRESENTATION_CONTEXT('2D SPACE',''
  ) );
#290 = PCURVE('',#291,#296);
#291 = PLANE('',#292);
#292 = AXIS2_PLACEMENT_3D('',#293,#294,#295);
#293 = CARTESIAN_POINT('',(-55.,-40.99999999999,0.));
#294 = DIRECTION('',(0.,1.,0.));
#295 = DIRECTION('',(1.,0.,0.));
#296 = DEFINITIONAL_REPRESENTATION('',(#297),#301);
#297 = LINE('',#298,#299);
#298 = CARTESIAN_POINT('',(0.,0.));
#299 = VECTOR('',#300,1.);
#300 = DIRECTION('',(0.,-1.));
#301 = ( GEOMETRIC_REPRESENTATION_CONTEXT(2) 
PARAMETRIC_REPRESENTATION_CONTEXT() REPRESENTATION_CONTEXT('2D SPACE',''
  ) );
#302 = ORIENTED_EDGE('',*,*,#303,.T.);
#303 = EDGE_CURVE('',#276,#42,#304,.T.);
#304 = SURFACE_CURVE('',#305,(#310,#317),.PCURVE_S1.);
#305 = CIRCLE('',#306,6.);
#306 = AXIS2_PLACEMENT_3D('',#307,#308,#309);
#307 = CARTESIAN_POINT('',(-55.,-35.,18.));
#308 = DIRECTION('',(0.,0.,-1.));
#309 = DIRECTION('',(-1.,0.,0.));
#310 = PCURVE('',#62,#311);
#311 = DEFINITIONAL_REPRESENTATION('',(#312),#316);
#312 = LINE('',#313,#314);
#313 = CARTESIAN_POINT('',(0.,-18.));
#314 = VECTOR('',#315,1.);
#315 = DIRECTION('',(1.,0.));
#316 = ( GEOMETRIC_REPRESENTATION_CONTEXT(2) 
PARAMETRIC_REPRESENTATION_CONTEXT() REPRESENTATION_CONTEXT('2D SPACE',''
  ) );
#317 = PCURVE('',#90,#318);
#318 = DEFINITIONAL_REPRESENTATION('',(#319),#327);
#319 = ( BOUNDED_CURVE() B_SPLINE_CURVE(2,(#320,#321,#322,#323,#324,#325
,#326),.UNSPECIFIED.,.T.,.F.) B_SPLINE_CURVE_WITH_KNOTS((1,2,2,2,2,1),(
    -2.094395102393,0.,2.094395102393,4.188790204786,6.28318530718,
8.377580409573),.UNSPECIFIED.) CURVE() GEOMETRIC_REPRESENTATION_ITEM() 
RATIONAL_B_SPLINE_CURVE((1.,0.5,1.,0.5,1.,0.5,1.)) REPRESENTATION_ITEM(
  '') );
#320 = CARTESIAN_POINT('',(-61.,-34.99999999843));
#321 = CARTESIAN_POINT('',(-61.,-24.60769515302));
#322 = CARTESIAN_POINT('',(-52.,-29.80384757573));
#323 = CARTESIAN_POINT('',(-43.,-34.99999999843));
#324 = CARTESIAN_POINT('',(-52.,-40.19615242114));
#325 = CARTESIAN_POINT('',(-61.,-45.39230484385));
#326 = CARTESIAN_POINT('',(-61.,-34.99999999843));
#327 = ( GEOMETRIC_REPRESENTATION_CONTEXT(2) 
PARAMETRIC_REPRESENTATION_CONTEXT() REPRESENTATION_CONTEXT('2D SPACE',''
  ) );
#328 = ORIENTED_EDGE('',*,*,#39,.F.);
#329 = ORIENTED_EDGE('',*,*,#330,.F.);
#330 = EDGE_CURVE('',#274,#40,#331,.T.);
#331 = SURFACE_CURVE('',#332,(#337,#344),.PCURVE_S1.);
#332 = CIRCLE('',#333,6.);
#333 = AXIS2_PLACEMENT_3D('',#334,#335,#336);
#334 = CARTESIAN_POINT('',(-55.,-35.,0.));
#335 = DIRECTION('',(0.,0.,-1.));
#336 = DIRECTION('',(-1.,0.,0.));
#337 = PCURVE('',#62,#338);
#338 = DEFINITIONAL_REPRESENTATION('',(#339),#343);
#339 = LINE('',#340,#341);
#340 = CARTESIAN_POINT('',(0.,0.));
#341 = VECTOR('',#342,1.);
#342 = DIRECTION('',(1.,0.));
#343 = ( GEOMETRIC_REPRESENTATION_CONTEXT(2) 
PARAMETRIC_REPRESENTATION_CONTEXT() REPRESENTATION_CONTEXT('2D SPACE',''
  ) );
#344 = PCURVE('',#144,#345);
#345 = DEFINITIONAL_REPRESENTATION('',(#346),#354);
#346 = ( BOUNDED_CURVE() B_SPLINE_CURVE(2,(#347,#348,#349,#350,#351,#352
,#353),.UNSPECIFIED.,.T.,.F.) B_SPLINE_CURVE_WITH_KNOTS((1,2,2,2,2,1),(
    -2.094395102393,0.,2.094395102393,4.188790204786,6.28318530718,
8.377580409573),.UNSPECIFIED.) CURVE() GEOMETRIC_REPRESENTATION_ITEM() 
RATIONAL_B_SPLINE_CURVE((1.,0.5,1.,0.5,1.,0.5,1.)) REPRESENTATION_ITEM(
  '') );
#347 = CARTESIAN_POINT('',(-61.,-34.99999999843));
#348 = CARTESIAN_POINT('',(-61.,-24.60769515302));
#349 = CARTESIAN_POINT('',(-52.,-29.80384757573));
#350 = CARTESIAN_POINT('',(-43.,-34.99999999843));
#351 = CARTESIAN_POINT('',(-52.,-40.19615242114));
#352 = CARTESIAN_POINT('',(-61.,-45.39230484385));
#353 = CARTESIAN_POINT('',(-61.,-34.99999999843));
#354 = ( GEOMETRIC_REPRESENTATION_CONTEXT(2) 
PARAMETRIC_REPRESENTATION_CONTEXT() REPRESENTATION_CONTEXT('2D SPACE',''
  ) );
#355 = ADVANCED_FACE('',(#356,#531),#144,.F.);
#356 = FACE_BOUND('',#357,.F.);
#357 = EDGE_LOOP('',(#358,#359,#360,#383,#416,#444,#477,#505));
#358 = ORIENTED_EDGE('',*,*,#130,.F.);
#359 = ORIENTED_EDGE('',*,*,#330,.F.);
#360 = ORIENTED_EDGE('',*,*,#361,.T.);
#361 = EDGE_CURVE('',#274,#362,#364,.T.);
#362 = VERTEX_POINT('',#363);
#363 = CARTESIAN_POINT('',(55.,-41.,0.));
#364 = SURFACE_CURVE('',#365,(#369,#376),.PCURVE_S1.);
#365 = LINE('',#366,#367);
#366 = CARTESIAN_POINT('',(0.,-40.99999999999,0.));
#367 = VECTOR('',#368,1.);
#368 = DIRECTION('',(1.,0.,0.));
#369 = PCURVE('',#144,#370);
#370 = DEFINITIONAL_REPRESENTATION('',(#371),#375);
#371 = LINE('',#372,#373);
#372 = CARTESIAN_POINT('',(2.861702473932E-16,-40.99999999843));
#373 = VECTOR('',#374,1.);
#374 = DIRECTION('',(1.,0.));
#375 = ( GEOMETRIC_REPRESENTATION_CONTEXT(2) 
PARAMETRIC_REPRESENTATION_CONTEXT() REPRESENTATION_CONTEXT('2D SPACE',''
  ) );
#376 = PCURVE('',#291,#377);
#377 = DEFINITIONAL_REPRESENTATION('',(#378),#382);
#378 = LINE('',#379,#380);
#379 = CARTESIAN_POINT('',(55.,0.));
#380 = VECTOR('',#381,1.);
#381 = DIRECTION('',(1.,0.));
#382 = ( GEOMETRIC_REPRESENTATION_CONTEXT(2) 
PARAMETRIC_REPRESENTATION_CONTEXT() REPRESENTATION_CONTEXT('2D SPACE',''
  ) );
#383 = ORIENTED_EDGE('',*,*,#384,.F.);
#384 = EDGE_CURVE('',#385,#362,#387,.T.);
#385 = VERTEX_POINT('',#386);
#386 = CARTESIAN_POINT('',(61.,-35.,0.));
#387 = SURFACE_CURVE('',#388,(#393,#404),.PCURVE_S1.);
#388 = CIRCLE('',#389,6.);
#389 = AXIS2_PLACEMENT_3D('',#390,#391,#392);
#390 = CARTESIAN_POINT('',(55.,-35.,0.));
#391 = DIRECTION('',(0.,0.,-1.));
#392 = DIRECTION('',(-1.,0.,0.));
#393 = PCURVE('',#144,#394);
#394 = DEFINITIONAL_REPRESENTATION('',(#395),#403);
#395 = ( BOUNDED_CURVE() B_SPLINE_CURVE(2,(#396,#397,#398,#399,#400,#401
,#402),.UNSPECIFIED.,.T.,.F.) B_SPLINE_CURVE_WITH_KNOTS((1,2,2,2,2,1),(
    -2.094395102393,0.,2.094395102393,4.188790204786,6.28318530718,
8.377580409573),.UNSPECIFIED.) CURVE() GEOMETRIC_REPRESENTATION_ITEM() 
RATIONAL_B_SPLINE_CURVE((1.,0.5,1.,0.5,1.,0.5,1.)) REPRESENTATION_ITEM(
  '') );
#396 = CARTESIAN_POINT('',(49.,-34.99999999843));
#397 = CARTESIAN_POINT('',(49.,-24.60769515302));
#398 = CARTESIAN_POINT('',(58.,-29.80384757573));
#399 = CARTESIAN_POINT('',(67.,-34.99999999843));
#400 = CARTESIAN_POINT('',(58.,-40.19615242114));
#401 = CARTESIAN_POINT('',(49.,-45.39230484385));
#402 = CARTESIAN_POINT('',(49.,-34.99999999843));
#403 = ( GEOMETRIC_REPRESENTATION_CONTEXT(2) 
PARAMETRIC_REPRESENTATION_CONTEXT() REPRESENTATION_CONTEXT('2D SPACE',''
  ) );
#404 = PCURVE('',#405,#410);
#405 = CYLINDRICAL_SURFACE('',#406,6.);
#406 = AXIS2_PLACEMENT_3D('',#407,#408,#409);
#407 = CARTESIAN_POINT('',(55.,-35.,0.));
#408 = DIRECTION('',(0.,0.,-1.));
#409 = DIRECTION('',(-1.,0.,0.));
#410 = DEFINITIONAL_REPRESENTATION('',(#411),#415);
#411 = LINE('',#412,#413);
#412 = CARTESIAN_POINT('',(0.,0.));
#413 = VECTOR('',#414,1.);
#414 = DIRECTION('',(1.,0.));
#415 = ( GEOMETRIC_REPRESENTATION_CONTEXT(2) 
PARAMETRIC_REPRESENTATION_CONTEXT() REPRESENTATION_CONTEXT('2D SPACE',''
  ) );
#416 = ORIENTED_EDGE('',*,*,#417,.T.);
#417 = EDGE_CURVE('',#385,#418,#420,.T.);
#418 = VERTEX_POINT('',#419);
#419 = CARTESIAN_POINT('',(61.,34.999999993001,0.));
#420 = SURFACE_CURVE('',#421,(#425,#432),.PCURVE_S1.);
#421 = LINE('',#422,#423);
#422 = CARTESIAN_POINT('',(61.,6.181721801113E-13,0.));
#423 = VECTOR('',#424,1.);
#424 = DIRECTION('',(0.,1.,0.));
#425 = PCURVE('',#144,#426);
#426 = DEFINITIONAL_REPRESENTATION('',(#427),#431);
#427 = LINE('',#428,#429);
#428 = CARTESIAN_POINT('',(61.,1.561939424238E-09));
#429 = VECTOR('',#430,1.);
#430 = DIRECTION('',(0.,1.));
#431 = ( GEOMETRIC_REPRESENTATION_CONTEXT(2) 
PARAMETRIC_REPRESENTATION_CONTEXT() REPRESENTATION_CONTEXT('2D SPACE',''
  ) );
#432 = PCURVE('',#433,#438);
#433 = PLANE('',#434);
#434 = AXIS2_PLACEMENT_3D('',#435,#436,#437);
#435 = CARTESIAN_POINT('',(61.,-35.,0.));
#436 = DIRECTION('',(-1.,0.,0.));
#437 = DIRECTION('',(0.,1.,0.));
#438 = DEFINITIONAL_REPRESENTATION('',(#439),#443);
#439 = LINE('',#440,#441);
#440 = CARTESIAN_POINT('',(35.000000000001,0.));
#441 = VECTOR('',#442,1.);
#442 = DIRECTION('',(1.,0.));
#443 = ( GEOMETRIC_REPRESENTATION_CONTEXT(2) 
PARAMETRIC_REPRESENTATION_CONTEXT() REPRESENTATION_CONTEXT('2D SPACE',''
  ) );
#444 = ORIENTED_EDGE('',*,*,#445,.F.);
#445 = EDGE_CURVE('',#446,#418,#448,.T.);
#446 = VERTEX_POINT('',#447);
#447 = CARTESIAN_POINT('',(55.,40.999999996501,0.));
#448 = SURFACE_CURVE('',#449,(#454,#465),.PCURVE_S1.);
#449 = CIRCLE('',#450,6.);
#450 = AXIS2_PLACEMENT_3D('',#451,#452,#453);
#451 = CARTESIAN_POINT('',(55.,34.999999993001,0.));
#452 = DIRECTION('',(0.,0.,-1.));
#453 = DIRECTION('',(-1.,0.,0.));
#454 = PCURVE('',#144,#455);
#455 = DEFINITIONAL_REPRESENTATION('',(#456),#464);
#456 = ( BOUNDED_CURVE() B_SPLINE_CURVE(2,(#457,#458,#459,#460,#461,#462
,#463),.UNSPECIFIED.,.T.,.F.) B_SPLINE_CURVE_WITH_KNOTS((1,2,2,2,2,1),(
    -2.094395102393,0.,2.094395102393,4.188790204786,6.28318530718,
8.377580409573),.UNSPECIFIED.) CURVE() GEOMETRIC_REPRESENTATION_ITEM() 
RATIONAL_B_SPLINE_CURVE((1.,0.5,1.,0.5,1.,0.5,1.)) REPRESENTATION_ITEM(
  '') );
#457 = CARTESIAN_POINT('',(49.,34.999999994562));
#458 = CARTESIAN_POINT('',(49.,45.392304839976));
#459 = CARTESIAN_POINT('',(58.,40.196152417269));
#460 = CARTESIAN_POINT('',(67.,34.999999994562));
#461 = CARTESIAN_POINT('',(58.,29.803847571856));
#462 = CARTESIAN_POINT('',(49.,24.607695149149));
#463 = CARTESIAN_POINT('',(49.,34.999999994562));
#464 = ( GEOMETRIC_REPRESENTATION_CONTEXT(2) 
PARAMETRIC_REPRESENTATION_CONTEXT() REPRESENTATION_CONTEXT('2D SPACE',''
  ) );
#465 = PCURVE('',#466,#471);
#466 = CYLINDRICAL_SURFACE('',#467,6.);
#467 = AXIS2_PLACEMENT_3D('',#468,#469,#470);
#468 = CARTESIAN_POINT('',(55.,34.999999993001,0.));
#469 = DIRECTION('',(0.,0.,-1.));
#470 = DIRECTION('',(-1.,0.,0.));
#471 = DEFINITIONAL_REPRESENTATION('',(#472),#476);
#472 = LINE('',#473,#474);
#473 = CARTESIAN_POINT('',(0.,0.));
#474 = VECTOR('',#475,1.);
#475 = DIRECTION('',(1.,0.));
#476 = ( GEOMETRIC_REPRESENTATION_CONTEXT(2) 
PARAMETRIC_REPRESENTATION_CONTEXT() REPRESENTATION_CONTEXT('2D SPACE',''
  ) );
#477 = ORIENTED_EDGE('',*,*,#478,.F.);
#478 = EDGE_CURVE('',#479,#446,#481,.T.);
#479 = VERTEX_POINT('',#480);
#480 = CARTESIAN_POINT('',(-55.,40.999999996501,0.));
#481 = SURFACE_CURVE('',#482,(#486,#493),.PCURVE_S1.);
#482 = LINE('',#483,#484);
#483 = CARTESIAN_POINT('',(0.,41.000000000001,0.));
#484 = VECTOR('',#485,1.);
#485 = DIRECTION('',(1.,0.,0.));
#486 = PCURVE('',#144,#487);
#487 = DEFINITIONAL_REPRESENTATION('',(#488),#492);
#488 = LINE('',#489,#490);
#489 = CARTESIAN_POINT('',(2.861702473932E-16,41.000000001562));
#490 = VECTOR('',#491,1.);
#491 = DIRECTION('',(1.,0.));
#492 = ( GEOMETRIC_REPRESENTATION_CONTEXT(2) 
PARAMETRIC_REPRESENTATION_CONTEXT() REPRESENTATION_CONTEXT('2D SPACE',''
  ) );
#493 = PCURVE('',#494,#499);
#494 = PLANE('',#495);
#495 = AXIS2_PLACEMENT_3D('',#496,#497,#498);
#496 = CARTESIAN_POINT('',(-55.,41.000000000001,0.));
#497 = DIRECTION('',(0.,1.,0.));
#498 = DIRECTION('',(1.,0.,0.));
#499 = DEFINITIONAL_REPRESENTATION('',(#500),#504);
#500 = LINE('',#501,#502);
#501 = CARTESIAN_POINT('',(55.,0.));
#502 = VECTOR('',#503,1.);
#503 = DIRECTION('',(1.,0.));
#504 = ( GEOMETRIC_REPRESENTATION_CONTEXT(2) 
PARAMETRIC_REPRESENTATION_CONTEXT() REPRESENTATION_CONTEXT('2D SPACE',''
  ) );
#505 = ORIENTED_EDGE('',*,*,#506,.F.);
#506 = EDGE_CURVE('',#103,#479,#507,.T.);
#507 = SURFACE_CURVE('',#508,(#513,#524),.PCURVE_S1.);
#508 = CIRCLE('',#509,6.);
#509 = AXIS2_PLACEMENT_3D('',#510,#511,#512);
#510 = CARTESIAN_POINT('',(-55.,34.999999993001,0.));
#511 = DIRECTION('',(0.,0.,-1.));
#512 = DIRECTION('',(-1.,0.,0.));
#513 = PCURVE('',#144,#514);
#514 = DEFINITIONAL_REPRESENTATION('',(#515),#523);
#515 = ( BOUNDED_CURVE() B_SPLINE_CURVE(2,(#516,#517,#518,#519,#520,#521
,#522),.UNSPECIFIED.,.T.,.F.) B_SPLINE_CURVE_WITH_KNOTS((1,2,2,2,2,1),(
    -2.094395102393,0.,2.094395102393,4.188790204786,6.28318530718,
8.377580409573),.UNSPECIFIED.) CURVE() GEOMETRIC_REPRESENTATION_ITEM() 
RATIONAL_B_SPLINE_CURVE((1.,0.5,1.,0.5,1.,0.5,1.)) REPRESENTATION_ITEM(
  '') );
#516 = CARTESIAN_POINT('',(-61.,34.999999994562));
#517 = CARTESIAN_POINT('',(-61.,45.392304839976));
#518 = CARTESIAN_POINT('',(-52.,40.196152417269));
#519 = CARTESIAN_POINT('',(-43.,34.999999994562));
#520 = CARTESIAN_POINT('',(-52.,29.803847571856));
#521 = CARTESIAN_POINT('',(-61.,24.607695149149));
#522 = CARTESIAN_POINT('',(-61.,34.999999994562));
#523 = ( GEOMETRIC_REPRESENTATION_CONTEXT(2) 
PARAMETRIC_REPRESENTATION_CONTEXT() REPRESENTATION_CONTEXT('2D SPACE',''
  ) );
#524 = PCURVE('',#118,#525);
#525 = DEFINITIONAL_REPRESENTATION('',(#526),#530);
#526 = LINE('',#527,#528);
#527 = CARTESIAN_POINT('',(0.,0.));
#528 = VECTOR('',#529,1.);
#529 = DIRECTION('',(1.,0.));
#530 = ( GEOMETRIC_REPRESENTATION_CONTEXT(2) 
PARAMETRIC_REPRESENTATION_CONTEXT() REPRESENTATION_CONTEXT('2D SPACE',''
  ) );
#531 = FACE_BOUND('',#532,.F.);
#532 = EDGE_LOOP('',(#533,#563,#591,#619));
#533 = ORIENTED_EDGE('',*,*,#534,.F.);
#534 = EDGE_CURVE('',#535,#537,#539,.T.);
#535 = VERTEX_POINT('',#536);
#536 = CARTESIAN_POINT('',(-42.75,-27.75,0.));
#537 = VERTEX_POINT('',#538);
#538 = CARTESIAN_POINT('',(42.75,-27.75,0.));
#539 = SURFACE_CURVE('',#540,(#544,#551),.PCURVE_S1.);
#540 = LINE('',#541,#542);
#541 = CARTESIAN_POINT('',(0.,-27.75,0.));
#542 = VECTOR('',#543,1.);
#543 = DIRECTION('',(1.,0.,0.));
#544 = PCURVE('',#144,#545);
#545 = DEFINITIONAL_REPRESENTATION('',(#546),#550);
#546 = LINE('',#547,#548);
#547 = CARTESIAN_POINT('',(2.861702473932E-16,-27.74999999843));
#548 = VECTOR('',#549,1.);
#549 = DIRECTION('',(1.,0.));
#550 = ( GEOMETRIC_REPRESENTATION_CONTEXT(2) 
PARAMETRIC_REPRESENTATION_CONTEXT() REPRESENTATION_CONTEXT('2D SPACE',''
  ) );
#551 = PCURVE('',#552,#557);
#552 = PLANE('',#553);
#553 = AXIS2_PLACEMENT_3D('',#554,#555,#556);
#554 = CARTESIAN_POINT('',(-42.75,-27.75,0.));
#555 = DIRECTION('',(0.,1.,0.));
#556 = DIRECTION('',(1.,0.,0.));
#557 = DEFINITIONAL_REPRESENTATION('',(#558),#562);
#558 = LINE('',#559,#560);
#559 = CARTESIAN_POINT('',(42.75,0.));
#560 = VECTOR('',#561,1.);
#561 = DIRECTION('',(1.,0.));
#562 = ( GEOMETRIC_REPRESENTATION_CONTEXT(2) 
PARAMETRIC_REPRESENTATION_CONTEXT() REPRESENTATION_CONTEXT('2D SPACE',''
  ) );
#563 = ORIENTED_EDGE('',*,*,#564,.T.);
#564 = EDGE_CURVE('',#535,#565,#567,.T.);
#565 = VERTEX_POINT('',#566);
#566 = CARTESIAN_POINT('',(-42.75,27.75,0.));
#567 = SURFACE_CURVE('',#568,(#572,#579),.PCURVE_S1.);
#568 = LINE('',#569,#570);
#569 = CARTESIAN_POINT('',(-42.75,0.,0.));
#570 = VECTOR('',#571,1.);
#571 = DIRECTION('',(0.,1.,0.));
#572 = PCURVE('',#144,#573);
#573 = DEFINITIONAL_REPRESENTATION('',(#574),#578);
#574 = LINE('',#575,#576);
#575 = CARTESIAN_POINT('',(-42.75,1.561321252058E-09));
#576 = VECTOR('',#577,1.);
#577 = DIRECTION('',(0.,1.));
#578 = ( GEOMETRIC_REPRESENTATION_CONTEXT(2) 
PARAMETRIC_REPRESENTATION_CONTEXT() REPRESENTATION_CONTEXT('2D SPACE',''
  ) );
#579 = PCURVE('',#580,#585);
#580 = PLANE('',#581);
#581 = AXIS2_PLACEMENT_3D('',#582,#583,#584);
#582 = CARTESIAN_POINT('',(-42.75,-27.75,0.));
#583 = DIRECTION('',(-1.,0.,0.));
#584 = DIRECTION('',(0.,1.,0.));
#585 = DEFINITIONAL_REPRESENTATION('',(#586),#590);
#586 = LINE('',#587,#588);
#587 = CARTESIAN_POINT('',(27.75,0.));
#588 = VECTOR('',#589,1.);
#589 = DIRECTION('',(1.,0.));
#590 = ( GEOMETRIC_REPRESENTATION_CONTEXT(2) 
PARAMETRIC_REPRESENTATION_CONTEXT() REPRESENTATION_CONTEXT('2D SPACE',''
  ) );
#591 = ORIENTED_EDGE('',*,*,#592,.T.);
#592 = EDGE_CURVE('',#565,#593,#595,.T.);
#593 = VERTEX_POINT('',#594);
#594 = CARTESIAN_POINT('',(42.75,27.75,0.));
#595 = SURFACE_CURVE('',#596,(#600,#607),.PCURVE_S1.);
#596 = LINE('',#597,#598);
#597 = CARTESIAN_POINT('',(0.,27.75,0.));
#598 = VECTOR('',#599,1.);
#599 = DIRECTION('',(1.,0.,0.));
#600 = PCURVE('',#144,#601);
#601 = DEFINITIONAL_REPRESENTATION('',(#602),#606);
#602 = LINE('',#603,#604);
#603 = CARTESIAN_POINT('',(2.861702473932E-16,27.750000001561));
#604 = VECTOR('',#605,1.);
#605 = DIRECTION('',(1.,0.));
#606 = ( GEOMETRIC_REPRESENTATION_CONTEXT(2) 
PARAMETRIC_REPRESENTATION_CONTEXT() REPRESENTATION_CONTEXT('2D SPACE',''
  ) );
#607 = PCURVE('',#608,#613);
#608 = PLANE('',#609);
#609 = AXIS2_PLACEMENT_3D('',#610,#611,#612);
#610 = CARTESIAN_POINT('',(-42.75,27.75,0.));
#611 = DIRECTION('',(0.,1.,0.));
#612 = DIRECTION('',(1.,0.,0.));
#613 = DEFINITIONAL_REPRESENTATION('',(#614),#618);
#614 = LINE('',#615,#616);
#615 = CARTESIAN_POINT('',(42.75,0.));
#616 = VECTOR('',#617,1.);
#617 = DIRECTION('',(1.,0.));
#618 = ( GEOMETRIC_REPRESENTATION_CONTEXT(2) 
PARAMETRIC_REPRESENTATION_CONTEXT() REPRESENTATION_CONTEXT('2D SPACE',''
  ) );
#619 = ORIENTED_EDGE('',*,*,#620,.F.);
#620 = EDGE_CURVE('',#537,#593,#621,.T.);
#621 = SURFACE_CURVE('',#622,(#626,#633),.PCURVE_S1.);
#622 = LINE('',#623,#624);
#623 = CARTESIAN_POINT('',(42.75,0.,0.));
#624 = VECTOR('',#625,1.);
#625 = DIRECTION('',(0.,1.,0.));
#626 = PCURVE('',#144,#627);
#627 = DEFINITIONAL_REPRESENTATION('',(#628),#632);
#628 = LINE('',#629,#630);
#629 = CARTESIAN_POINT('',(42.75,1.561321252058E-09));
#630 = VECTOR('',#631,1.);
#631 = DIRECTION('',(0.,1.));
#632 = ( GEOMETRIC_REPRESENTATION_CONTEXT(2) 
PARAMETRIC_REPRESENTATION_CONTEXT() REPRESENTATION_CONTEXT('2D SPACE',''
  ) );
#633 = PCURVE('',#634,#639);
#634 = PLANE('',#635);
#635 = AXIS2_PLACEMENT_3D('',#636,#637,#638);
#636 = CARTESIAN_POINT('',(42.75,-27.75,0.));
#637 = DIRECTION('',(-1.,0.,0.));
#638 = DIRECTION('',(0.,1.,0.));
#639 = DEFINITIONAL_REPRESENTATION('',(#640),#644);
#640 = LINE('',#641,#642);
#641 = CARTESIAN_POINT('',(27.75,0.));
#642 = VECTOR('',#643,1.);
#643 = DIRECTION('',(1.,0.));
#644 = ( GEOMETRIC_REPRESENTATION_CONTEXT(2) 
PARAMETRIC_REPRESENTATION_CONTEXT() REPRESENTATION_CONTEXT('2D SPACE',''
  ) );
#645 = ADVANCED_FACE('',(#646,#801),#90,.T.);
#646 = FACE_BOUND('',#647,.T.);
#647 = EDGE_LOOP('',(#648,#649,#650,#673,#701,#724,#752,#775));
#648 = ORIENTED_EDGE('',*,*,#74,.F.);
#649 = ORIENTED_EDGE('',*,*,#303,.F.);
#650 = ORIENTED_EDGE('',*,*,#651,.T.);
#651 = EDGE_CURVE('',#276,#652,#654,.T.);
#652 = VERTEX_POINT('',#653);
#653 = CARTESIAN_POINT('',(55.,-41.,18.));
#654 = SURFACE_CURVE('',#655,(#659,#666),.PCURVE_S1.);
#655 = LINE('',#656,#657);
#656 = CARTESIAN_POINT('',(0.,-40.99999999999,18.));
#657 = VECTOR('',#658,1.);
#658 = DIRECTION('',(1.,0.,0.));
#659 = PCURVE('',#90,#660);
#660 = DEFINITIONAL_REPRESENTATION('',(#661),#665);
#661 = LINE('',#662,#663);
#662 = CARTESIAN_POINT('',(2.861702473932E-16,-40.99999999843));
#663 = VECTOR('',#664,1.);
#664 = DIRECTION('',(1.,0.));
#665 = ( GEOMETRIC_REPRESENTATION_CONTEXT(2) 
PARAMETRIC_REPRESENTATION_CONTEXT() REPRESENTATION_CONTEXT('2D SPACE',''
  ) );
#666 = PCURVE('',#291,#667);
#667 = DEFINITIONAL_REPRESENTATION('',(#668),#672);
#668 = LINE('',#669,#670);
#669 = CARTESIAN_POINT('',(55.,-18.));
#670 = VECTOR('',#671,1.);
#671 = DIRECTION('',(1.,0.));
#672 = ( GEOMETRIC_REPRESENTATION_CONTEXT(2) 
PARAMETRIC_REPRESENTATION_CONTEXT() REPRESENTATION_CONTEXT('2D SPACE',''
  ) );
#673 = ORIENTED_EDGE('',*,*,#674,.F.);
#674 = EDGE_CURVE('',#675,#652,#677,.T.);
#675 = VERTEX_POINT('',#676);
#676 = CARTESIAN_POINT('',(61.,-35.,18.));
#677 = SURFACE_CURVE('',#678,(#683,#694),.PCURVE_S1.);
#678 = CIRCLE('',#679,6.);
#679 = AXIS2_PLACEMENT_3D('',#680,#681,#682);
#680 = CARTESIAN_POINT('',(55.,-35.,18.));
#681 = DIRECTION('',(0.,0.,-1.));
#682 = DIRECTION('',(-1.,0.,0.));
#683 = PCURVE('',#90,#684);
#684 = DEFINITIONAL_REPRESENTATION('',(#685),#693);
#685 = ( BOUNDED_CURVE() B_SPLINE_CURVE(2,(#686,#687,#688,#689,#690,#691
,#692),.UNSPECIFIED.,.T.,.F.) B_SPLINE_CURVE_WITH_KNOTS((1,2,2,2,2,1),(
    -2.094395102393,0.,2.094395102393,4.188790204786,6.28318530718,
8.377580409573),.UNSPECIFIED.) CURVE() GEOMETRIC_REPRESENTATION_ITEM() 
RATIONAL_B_SPLINE_CURVE((1.,0.5,1.,0.5,1.,0.5,1.)) REPRESENTATION_ITEM(
  '') );
#686 = CARTESIAN_POINT('',(49.,-34.99999999843));
#687 = CARTESIAN_POINT('',(49.,-24.60769515302));
#688 = CARTESIAN_POINT('',(58.,-29.80384757573));
#689 = CARTESIAN_POINT('',(67.,-34.99999999843));
#690 = CARTESIAN_POINT('',(58.,-40.19615242114));
#691 = CARTESIAN_POINT('',(49.,-45.39230484385));
#692 = CARTESIAN_POINT('',(49.,-34.99999999843));
#693 = ( GEOMETRIC_REPRESENTATION_CONTEXT(2) 
PARAMETRIC_REPRESENTATION_CONTEXT() REPRESENTATION_CONTEXT('2D SPACE',''
  ) );
#694 = PCURVE('',#405,#695);
#695 = DEFINITIONAL_REPRESENTATION('',(#696),#700);
#696 = LINE('',#697,#698);
#697 = CARTESIAN_POINT('',(0.,-18.));
#698 = VECTOR('',#699,1.);
#699 = DIRECTION('',(1.,0.));
#700 = ( GEOMETRIC_REPRESENTATION_CONTEXT(2) 
PARAMETRIC_REPRESENTATION_CONTEXT() REPRESENTATION_CONTEXT('2D SPACE',''
  ) );
#701 = ORIENTED_EDGE('',*,*,#702,.T.);
#702 = EDGE_CURVE('',#675,#703,#705,.T.);
#703 = VERTEX_POINT('',#704);
#704 = CARTESIAN_POINT('',(61.,34.999999993001,18.));
#705 = SURFACE_CURVE('',#706,(#710,#717),.PCURVE_S1.);
#706 = LINE('',#707,#708);
#707 = CARTESIAN_POINT('',(61.,6.181721801113E-13,18.));
#708 = VECTOR('',#709,1.);
#709 = DIRECTION('',(0.,1.,0.));
#710 = PCURVE('',#90,#711);
#711 = DEFINITIONAL_REPRESENTATION('',(#712),#716);
#712 = LINE('',#713,#714);
#713 = CARTESIAN_POINT('',(61.,1.561939424238E-09));
#714 = VECTOR('',#715,1.);
#715 = DIRECTION('',(0.,1.));
#716 = ( GEOMETRIC_REPRESENTATION_CONTEXT(2) 
PARAMETRIC_REPRESENTATION_CONTEXT() REPRESENTATION_CONTEXT('2D SPACE',''
  ) );
#717 = PCURVE('',#433,#718);
#718 = DEFINITIONAL_REPRESENTATION('',(#719),#723);
#719 = LINE('',#720,#721);
#720 = CARTESIAN_POINT('',(35.000000000001,-18.));
#721 = VECTOR('',#722,1.);
#722 = DIRECTION('',(1.,0.));
#723 = ( GEOMETRIC_REPRESENTATION_CONTEXT(2) 
PARAMETRIC_REPRESENTATION_CONTEXT() REPRESENTATION_CONTEXT('2D SPACE',''
  ) );
#724 = ORIENTED_EDGE('',*,*,#725,.F.);
#725 = EDGE_CURVE('',#726,#703,#728,.T.);
#726 = VERTEX_POINT('',#727);
#727 = CARTESIAN_POINT('',(55.,40.999999996501,18.));
#728 = SURFACE_CURVE('',#729,(#734,#745),.PCURVE_S1.);
#729 = CIRCLE('',#730,6.);
#730 = AXIS2_PLACEMENT_3D('',#731,#732,#733);
#731 = CARTESIAN_POINT('',(55.,34.999999993001,18.));
#732 = DIRECTION('',(0.,0.,-1.));
#733 = DIRECTION('',(-1.,0.,0.));
#734 = PCURVE('',#90,#735);
#735 = DEFINITIONAL_REPRESENTATION('',(#736),#744);
#736 = ( BOUNDED_CURVE() B_SPLINE_CURVE(2,(#737,#738,#739,#740,#741,#742
,#743),.UNSPECIFIED.,.T.,.F.) B_SPLINE_CURVE_WITH_KNOTS((1,2,2,2,2,1),(
    -2.094395102393,0.,2.094395102393,4.188790204786,6.28318530718,
8.377580409573),.UNSPECIFIED.) CURVE() GEOMETRIC_REPRESENTATION_ITEM() 
RATIONAL_B_SPLINE_CURVE((1.,0.5,1.,0.5,1.,0.5,1.)) REPRESENTATION_ITEM(
  '') );
#737 = CARTESIAN_POINT('',(49.,34.999999994562));
#738 = CARTESIAN_POINT('',(49.,45.392304839976));
#739 = CARTESIAN_POINT('',(58.,40.196152417269));
#740 = CARTESIAN_POINT('',(67.,34.999999994562));
#741 = CARTESIAN_POINT('',(58.,29.803847571856));
#742 = CARTESIAN_POINT('',(49.,24.607695149149));
#743 = CARTESIAN_POINT('',(49.,34.999999994562));
#744 = ( GEOMETRIC_REPRESENTATION_CONTEXT(2) 
PARAMETRIC_REPRESENTATION_CONTEXT() REPRESENTATION_CONTEXT('2D SPACE',''
  ) );
#745 = PCURVE('',#466,#746);
#746 = DEFINITIONAL_REPRESENTATION('',(#747),#751);
#747 = LINE('',#748,#749);
#748 = CARTESIAN_POINT('',(0.,-18.));
#749 = VECTOR('',#750,1.);
#750 = DIRECTION('',(1.,0.));
#751 = ( GEOMETRIC_REPRESENTATION_CONTEXT(2) 
PARAMETRIC_REPRESENTATION_CONTEXT() REPRESENTATION_CONTEXT('2D SPACE',''
  ) );
#752 = ORIENTED_EDGE('',*,*,#753,.F.);
#753 = EDGE_CURVE('',#754,#726,#756,.T.);
#754 = VERTEX_POINT('',#755);
#755 = CARTESIAN_POINT('',(-55.,40.999999996501,18.));
#756 = SURFACE_CURVE('',#757,(#761,#768),.PCURVE_S1.);
#757 = LINE('',#758,#759);
#758 = CARTESIAN_POINT('',(0.,41.000000000001,18.));
#759 = VECTOR('',#760,1.);
#760 = DIRECTION('',(1.,0.,0.));
#761 = PCURVE('',#90,#762);
#762 = DEFINITIONAL_REPRESENTATION('',(#763),#767);
#763 = LINE('',#764,#765);
#764 = CARTESIAN_POINT('',(2.861702473932E-16,41.000000001562));
#765 = VECTOR('',#766,1.);
#766 = DIRECTION('',(1.,0.));
#767 = ( GEOMETRIC_REPRESENTATION_CONTEXT(2) 
PARAMETRIC_REPRESENTATION_CONTEXT() REPRESENTATION_CONTEXT('2D SPACE',''
  ) );
#768 = PCURVE('',#494,#769);
#769 = DEFINITIONAL_REPRESENTATION('',(#770),#774);
#770 = LINE('',#771,#772);
#771 = CARTESIAN_POINT('',(55.,-18.));
#772 = VECTOR('',#773,1.);
#773 = DIRECTION('',(1.,0.));
#774 = ( GEOMETRIC_REPRESENTATION_CONTEXT(2) 
PARAMETRIC_REPRESENTATION_CONTEXT() REPRESENTATION_CONTEXT('2D SPACE',''
  ) );
#775 = ORIENTED_EDGE('',*,*,#776,.F.);
#776 = EDGE_CURVE('',#75,#754,#777,.T.);
#777 = SURFACE_CURVE('',#778,(#783,#794),.PCURVE_S1.);
#778 = CIRCLE('',#779,6.);
#779 = AXIS2_PLACEMENT_3D('',#780,#781,#782);
#780 = CARTESIAN_POINT('',(-55.,34.999999993001,18.));
#781 = DIRECTION('',(0.,0.,-1.));
#782 = DIRECTION('',(-1.,0.,0.));
#783 = PCURVE('',#90,#784);
#784 = DEFINITIONAL_REPRESENTATION('',(#785),#793);
#785 = ( BOUNDED_CURVE() B_SPLINE_CURVE(2,(#786,#787,#788,#789,#790,#791
,#792),.UNSPECIFIED.,.T.,.F.) B_SPLINE_CURVE_WITH_KNOTS((1,2,2,2,2,1),(
    -2.094395102393,0.,2.094395102393,4.188790204786,6.28318530718,
8.377580409573),.UNSPECIFIED.) CURVE() GEOMETRIC_REPRESENTATION_ITEM() 
RATIONAL_B_SPLINE_CURVE((1.,0.5,1.,0.5,1.,0.5,1.)) REPRESENTATION_ITEM(
  '') );
#786 = CARTESIAN_POINT('',(-61.,34.999999994562));
#787 = CARTESIAN_POINT('',(-61.,45.392304839976));
#788 = CARTESIAN_POINT('',(-52.,40.196152417269));
#789 = CARTESIAN_POINT('',(-43.,34.999999994562));
#790 = CARTESIAN_POINT('',(-52.,29.803847571856));
#791 = CARTESIAN_POINT('',(-61.,24.607695149149));
#792 = CARTESIAN_POINT('',(-61.,34.999999994562));
#793 = ( GEOMETRIC_REPRESENTATION_CONTEXT(2) 
PARAMETRIC_REPRESENTATION_CONTEXT() REPRESENTATION_CONTEXT('2D SPACE',''
  ) );
#794 = PCURVE('',#118,#795);
#795 = DEFINITIONAL_REPRESENTATION('',(#796),#800);
#796 = LINE('',#797,#798);
#797 = CARTESIAN_POINT('',(0.,-18.));
#798 = VECTOR('',#799,1.);
#799 = DIRECTION('',(1.,0.));
#800 = ( GEOMETRIC_REPRESENTATION_CONTEXT(2) 
PARAMETRIC_REPRESENTATION_CONTEXT() REPRESENTATION_CONTEXT('2D SPACE',''
  ) );
#801 = FACE_BOUND('',#802,.T.);
#802 = EDGE_LOOP('',(#803,#831,#864,#890,#923,#949,#982,#1008));
#803 = ORIENTED_EDGE('',*,*,#804,.F.);
#804 = EDGE_CURVE('',#805,#807,#809,.T.);
#805 = VERTEX_POINT('',#806);
#806 = CARTESIAN_POINT('',(-59.,34.999999990856,18.));
#807 = VERTEX_POINT('',#808);
#808 = CARTESIAN_POINT('',(-59.,-35.,18.));
#809 = SURFACE_CURVE('',#810,(#814,#820),.PCURVE_S1.);
#810 = LINE('',#811,#812);
#811 = CARTESIAN_POINT('',(-59.,-17.50000000078,18.));
#812 = VECTOR('',#813,1.);
#813 = DIRECTION('',(0.,-1.,0.));
#814 = PCURVE('',#90,#815);
#815 = DEFINITIONAL_REPRESENTATION('',(#816),#819);
#816 = B_SPLINE_CURVE_WITH_KNOTS('',1,(#817,#818),.UNSPECIFIED.,.F.,.F.,
  (2,2),(-52.49999999163,17.49999999922),.PIECEWISE_BEZIER_KNOTS.);
#817 = CARTESIAN_POINT('',(-59.,34.999999992417));
#818 = CARTESIAN_POINT('',(-59.,-34.99999999844));
#819 = ( GEOMETRIC_REPRESENTATION_CONTEXT(2) 
PARAMETRIC_REPRESENTATION_CONTEXT() REPRESENTATION_CONTEXT('2D SPACE',''
  ) );
#820 = PCURVE('',#821,#826);
#821 = PLANE('',#822);
#822 = AXIS2_PLACEMENT_3D('',#823,#824,#825);
#823 = CARTESIAN_POINT('',(-59.,-35.,2.));
#824 = DIRECTION('',(-1.,0.,0.));
#825 = DIRECTION('',(0.,1.,0.));
#826 = DEFINITIONAL_REPRESENTATION('',(#827),#830);
#827 = B_SPLINE_CURVE_WITH_KNOTS('',1,(#828,#829),.UNSPECIFIED.,.F.,.F.,
  (2,2),(-52.49999999163,17.49999999922),.PIECEWISE_BEZIER_KNOTS.);
#828 = CARTESIAN_POINT('',(69.999999990857,-16.));
#829 = CARTESIAN_POINT('',(0.,-16.));
#830 = ( GEOMETRIC_REPRESENTATION_CONTEXT(2) 
PARAMETRIC_REPRESENTATION_CONTEXT() REPRESENTATION_CONTEXT('2D SPACE',''
  ) );
#831 = ORIENTED_EDGE('',*,*,#832,.T.);
#832 = EDGE_CURVE('',#805,#833,#835,.T.);
#833 = VERTEX_POINT('',#834);
#834 = CARTESIAN_POINT('',(-55.,38.999999995429,18.));
#835 = SURFACE_CURVE('',#836,(#841,#852),.PCURVE_S1.);
#836 = CIRCLE('',#837,4.);
#837 = AXIS2_PLACEMENT_3D('',#838,#839,#840);
#838 = CARTESIAN_POINT('',(-55.,34.999999990856,18.));
#839 = DIRECTION('',(0.,0.,-1.));
#840 = DIRECTION('',(1.,0.,0.));
#841 = PCURVE('',#90,#842);
#842 = DEFINITIONAL_REPRESENTATION('',(#843),#851);
#843 = ( BOUNDED_CURVE() B_SPLINE_CURVE(2,(#844,#845,#846,#847,#848,#849
,#850),.UNSPECIFIED.,.T.,.F.) B_SPLINE_CURVE_WITH_KNOTS((1,2,2,2,2,1),(
    -2.094395102393,0.,2.094395102393,4.188790204786,6.28318530718,
8.377580409573),.UNSPECIFIED.) CURVE() GEOMETRIC_REPRESENTATION_ITEM() 
RATIONAL_B_SPLINE_CURVE((1.,0.5,1.,0.5,1.,0.5,1.)) REPRESENTATION_ITEM(
  '') );
#844 = CARTESIAN_POINT('',(-51.,34.999999992417));
#845 = CARTESIAN_POINT('',(-51.,28.071796762142));
#846 = CARTESIAN_POINT('',(-57.,31.53589837728));
#847 = CARTESIAN_POINT('',(-63.,34.999999992417));
#848 = CARTESIAN_POINT('',(-57.,38.464101607555));
#849 = CARTESIAN_POINT('',(-51.,41.928203222693));
#850 = CARTESIAN_POINT('',(-51.,34.999999992417));
#851 = ( GEOMETRIC_REPRESENTATION_CONTEXT(2) 
PARAMETRIC_REPRESENTATION_CONTEXT() REPRESENTATION_CONTEXT('2D SPACE',''
  ) );
#852 = PCURVE('',#853,#858);
#853 = CYLINDRICAL_SURFACE('',#854,4.);
#854 = AXIS2_PLACEMENT_3D('',#855,#856,#857);
#855 = CARTESIAN_POINT('',(-55.,34.999999990856,2.));
#856 = DIRECTION('',(-0.,-0.,-1.));
#857 = DIRECTION('',(1.,0.,0.));
#858 = DEFINITIONAL_REPRESENTATION('',(#859),#863);
#859 = LINE('',#860,#861);
#860 = CARTESIAN_POINT('',(-6.28318530718,-16.));
#861 = VECTOR('',#862,1.);
#862 = DIRECTION('',(1.,-0.));
#863 = ( GEOMETRIC_REPRESENTATION_CONTEXT(2) 
PARAMETRIC_REPRESENTATION_CONTEXT() REPRESENTATION_CONTEXT('2D SPACE',''
  ) );
#864 = ORIENTED_EDGE('',*,*,#865,.F.);
#865 = EDGE_CURVE('',#866,#833,#868,.T.);
#866 = VERTEX_POINT('',#867);
#867 = CARTESIAN_POINT('',(55.,38.999999995429,18.));
#868 = SURFACE_CURVE('',#869,(#873,#879),.PCURVE_S1.);
#869 = LINE('',#870,#871);
#870 = CARTESIAN_POINT('',(-27.5,39.000000000001,18.));
#871 = VECTOR('',#872,1.);
#872 = DIRECTION('',(-1.,0.,0.));
#873 = PCURVE('',#90,#874);
#874 = DEFINITIONAL_REPRESENTATION('',(#875),#878);
#875 = B_SPLINE_CURVE_WITH_KNOTS('',1,(#876,#877),.UNSPECIFIED.,.F.,.F.,
  (2,2),(-82.5,27.5),.PIECEWISE_BEZIER_KNOTS.);
#876 = CARTESIAN_POINT('',(55.,39.000000001563));
#877 = CARTESIAN_POINT('',(-55.,39.000000001563));
#878 = ( GEOMETRIC_REPRESENTATION_CONTEXT(2) 
PARAMETRIC_REPRESENTATION_CONTEXT() REPRESENTATION_CONTEXT('2D SPACE',''
  ) );
#879 = PCURVE('',#880,#885);
#880 = PLANE('',#881);
#881 = AXIS2_PLACEMENT_3D('',#882,#883,#884);
#882 = CARTESIAN_POINT('',(-55.,39.000000000001,2.));
#883 = DIRECTION('',(0.,1.,0.));
#884 = DIRECTION('',(1.,0.,0.));
#885 = DEFINITIONAL_REPRESENTATION('',(#886),#889);
#886 = B_SPLINE_CURVE_WITH_KNOTS('',1,(#887,#888),.UNSPECIFIED.,.F.,.F.,
  (2,2),(-82.5,27.5),.PIECEWISE_BEZIER_KNOTS.);
#887 = CARTESIAN_POINT('',(110.,-16.));
#888 = CARTESIAN_POINT('',(0.,-16.));
#889 = ( GEOMETRIC_REPRESENTATION_CONTEXT(2) 
PARAMETRIC_REPRESENTATION_CONTEXT() REPRESENTATION_CONTEXT('2D SPACE',''
  ) );
#890 = ORIENTED_EDGE('',*,*,#891,.T.);
#891 = EDGE_CURVE('',#866,#892,#894,.T.);
#892 = VERTEX_POINT('',#893);
#893 = CARTESIAN_POINT('',(59.,34.999999990856,18.));
#894 = SURFACE_CURVE('',#895,(#900,#911),.PCURVE_S1.);
#895 = CIRCLE('',#896,4.);
#896 = AXIS2_PLACEMENT_3D('',#897,#898,#899);
#897 = CARTESIAN_POINT('',(55.,34.999999990856,18.));
#898 = DIRECTION('',(0.,0.,-1.));
#899 = DIRECTION('',(1.,0.,0.));
#900 = PCURVE('',#90,#901);
#901 = DEFINITIONAL_REPRESENTATION('',(#902),#910);
#902 = ( BOUNDED_CURVE() B_SPLINE_CURVE(2,(#903,#904,#905,#906,#907,#908
,#909),.UNSPECIFIED.,.T.,.F.) B_SPLINE_CURVE_WITH_KNOTS((1,2,2,2,2,1),(
    -2.094395102393,0.,2.094395102393,4.188790204786,6.28318530718,
8.377580409573),.UNSPECIFIED.) CURVE() GEOMETRIC_REPRESENTATION_ITEM() 
RATIONAL_B_SPLINE_CURVE((1.,0.5,1.,0.5,1.,0.5,1.)) REPRESENTATION_ITEM(
  '') );
#903 = CARTESIAN_POINT('',(59.,34.999999992417));
#904 = CARTESIAN_POINT('',(59.,28.071796762142));
#905 = CARTESIAN_POINT('',(53.,31.53589837728));
#906 = CARTESIAN_POINT('',(47.,34.999999992417));
#907 = CARTESIAN_POINT('',(53.,38.464101607555));
#908 = CARTESIAN_POINT('',(59.,41.928203222693));
#909 = CARTESIAN_POINT('',(59.,34.999999992417));
#910 = ( GEOMETRIC_REPRESENTATION_CONTEXT(2) 
PARAMETRIC_REPRESENTATION_CONTEXT() REPRESENTATION_CONTEXT('2D SPACE',''
  ) );
#911 = PCURVE('',#912,#917);
#912 = CYLINDRICAL_SURFACE('',#913,4.);
#913 = AXIS2_PLACEMENT_3D('',#914,#915,#916);
#914 = CARTESIAN_POINT('',(55.,34.999999990856,2.));
#915 = DIRECTION('',(-0.,-0.,-1.));
#916 = DIRECTION('',(1.,0.,0.));
#917 = DEFINITIONAL_REPRESENTATION('',(#918),#922);
#918 = LINE('',#919,#920);
#919 = CARTESIAN_POINT('',(-6.28318530718,-16.));
#920 = VECTOR('',#921,1.);
#921 = DIRECTION('',(1.,-0.));
#922 = ( GEOMETRIC_REPRESENTATION_CONTEXT(2) 
PARAMETRIC_REPRESENTATION_CONTEXT() REPRESENTATION_CONTEXT('2D SPACE',''
  ) );
#923 = ORIENTED_EDGE('',*,*,#924,.T.);
#924 = EDGE_CURVE('',#892,#925,#927,.T.);
#925 = VERTEX_POINT('',#926);
#926 = CARTESIAN_POINT('',(59.,-35.,18.));
#927 = SURFACE_CURVE('',#928,(#932,#938),.PCURVE_S1.);
#928 = LINE('',#929,#930);
#929 = CARTESIAN_POINT('',(59.,-17.50000000078,18.));
#930 = VECTOR('',#931,1.);
#931 = DIRECTION('',(0.,-1.,0.));
#932 = PCURVE('',#90,#933);
#933 = DEFINITIONAL_REPRESENTATION('',(#934),#937);
#934 = B_SPLINE_CURVE_WITH_KNOTS('',1,(#935,#936),.UNSPECIFIED.,.F.,.F.,
  (2,2),(-52.49999999163,17.49999999922),.PIECEWISE_BEZIER_KNOTS.);
#935 = CARTESIAN_POINT('',(59.,34.999999992417));
#936 = CARTESIAN_POINT('',(59.,-34.99999999844));
#937 = ( GEOMETRIC_REPRESENTATION_CONTEXT(2) 
PARAMETRIC_REPRESENTATION_CONTEXT() REPRESENTATION_CONTEXT('2D SPACE',''
  ) );
#938 = PCURVE('',#939,#944);
#939 = PLANE('',#940);
#940 = AXIS2_PLACEMENT_3D('',#941,#942,#943);
#941 = CARTESIAN_POINT('',(59.,-35.,2.));
#942 = DIRECTION('',(-1.,0.,0.));
#943 = DIRECTION('',(0.,1.,0.));
#944 = DEFINITIONAL_REPRESENTATION('',(#945),#948);
#945 = B_SPLINE_CURVE_WITH_KNOTS('',1,(#946,#947),.UNSPECIFIED.,.F.,.F.,
  (2,2),(-52.49999999163,17.49999999922),.PIECEWISE_BEZIER_KNOTS.);
#946 = CARTESIAN_POINT('',(69.999999990857,-16.));
#947 = CARTESIAN_POINT('',(0.,-16.));
#948 = ( GEOMETRIC_REPRESENTATION_CONTEXT(2) 
PARAMETRIC_REPRESENTATION_CONTEXT() REPRESENTATION_CONTEXT('2D SPACE',''
  ) );
#949 = ORIENTED_EDGE('',*,*,#950,.T.);
#950 = EDGE_CURVE('',#925,#951,#953,.T.);
#951 = VERTEX_POINT('',#952);
#952 = CARTESIAN_POINT('',(55.,-39.,18.));
#953 = SURFACE_CURVE('',#954,(#959,#970),.PCURVE_S1.);
#954 = CIRCLE('',#955,4.);
#955 = AXIS2_PLACEMENT_3D('',#956,#957,#958);
#956 = CARTESIAN_POINT('',(55.,-35.,18.));
#957 = DIRECTION('',(0.,0.,-1.));
#958 = DIRECTION('',(1.,0.,0.));
#959 = PCURVE('',#90,#960);
#960 = DEFINITIONAL_REPRESENTATION('',(#961),#969);
#961 = ( BOUNDED_CURVE() B_SPLINE_CURVE(2,(#962,#963,#964,#965,#966,#967
,#968),.UNSPECIFIED.,.T.,.F.) B_SPLINE_CURVE_WITH_KNOTS((1,2,2,2,2,1),(
    -2.094395102393,0.,2.094395102393,4.188790204786,6.28318530718,
8.377580409573),.UNSPECIFIED.) CURVE() GEOMETRIC_REPRESENTATION_ITEM() 
RATIONAL_B_SPLINE_CURVE((1.,0.5,1.,0.5,1.,0.5,1.)) REPRESENTATION_ITEM(
  '') );
#962 = CARTESIAN_POINT('',(59.,-34.99999999844));
#963 = CARTESIAN_POINT('',(59.,-41.92820322871));
#964 = CARTESIAN_POINT('',(53.,-38.46410161357));
#965 = CARTESIAN_POINT('',(47.,-34.99999999844));
#966 = CARTESIAN_POINT('',(53.,-31.5358983833));
#967 = CARTESIAN_POINT('',(59.,-28.07179676816));
#968 = CARTESIAN_POINT('',(59.,-34.99999999844));
#969 = ( GEOMETRIC_REPRESENTATION_CONTEXT(2) 
PARAMETRIC_REPRESENTATION_CONTEXT() REPRESENTATION_CONTEXT('2D SPACE',''
  ) );
#970 = PCURVE('',#971,#976);
#971 = CYLINDRICAL_SURFACE('',#972,4.);
#972 = AXIS2_PLACEMENT_3D('',#973,#974,#975);
#973 = CARTESIAN_POINT('',(55.,-35.,2.));
#974 = DIRECTION('',(-0.,-0.,-1.));
#975 = DIRECTION('',(1.,0.,0.));
#976 = DEFINITIONAL_REPRESENTATION('',(#977),#981);
#977 = LINE('',#978,#979);
#978 = CARTESIAN_POINT('',(-6.28318530718,-16.));
#979 = VECTOR('',#980,1.);
#980 = DIRECTION('',(1.,-0.));
#981 = ( GEOMETRIC_REPRESENTATION_CONTEXT(2) 
PARAMETRIC_REPRESENTATION_CONTEXT() REPRESENTATION_CONTEXT('2D SPACE',''
  ) );
#982 = ORIENTED_EDGE('',*,*,#983,.T.);
#983 = EDGE_CURVE('',#951,#984,#986,.T.);
#984 = VERTEX_POINT('',#985);
#985 = CARTESIAN_POINT('',(-55.,-39.,18.));
#986 = SURFACE_CURVE('',#987,(#991,#997),.PCURVE_S1.);
#987 = LINE('',#988,#989);
#988 = CARTESIAN_POINT('',(-27.5,-38.99999999999,18.));
#989 = VECTOR('',#990,1.);
#990 = DIRECTION('',(-1.,0.,0.));
#991 = PCURVE('',#90,#992);
#992 = DEFINITIONAL_REPRESENTATION('',(#993),#996);
#993 = B_SPLINE_CURVE_WITH_KNOTS('',1,(#994,#995),.UNSPECIFIED.,.F.,.F.,
  (2,2),(-82.5,27.5),.PIECEWISE_BEZIER_KNOTS.);
#994 = CARTESIAN_POINT('',(55.,-38.99999999843));
#995 = CARTESIAN_POINT('',(-55.,-38.99999999843));
#996 = ( GEOMETRIC_REPRESENTATION_CONTEXT(2) 
PARAMETRIC_REPRESENTATION_CONTEXT() REPRESENTATION_CONTEXT('2D SPACE',''
  ) );
#997 = PCURVE('',#998,#1003);
#998 = PLANE('',#999);
#999 = AXIS2_PLACEMENT_3D('',#1000,#1001,#1002);
#1000 = CARTESIAN_POINT('',(-55.,-38.99999999999,2.));
#1001 = DIRECTION('',(0.,1.,0.));
#1002 = DIRECTION('',(1.,0.,0.));
#1003 = DEFINITIONAL_REPRESENTATION('',(#1004),#1007);
#1004 = B_SPLINE_CURVE_WITH_KNOTS('',1,(#1005,#1006),.UNSPECIFIED.,.F.,
  .F.,(2,2),(-82.5,27.5),.PIECEWISE_BEZIER_KNOTS.);
#1005 = CARTESIAN_POINT('',(110.,-16.));
#1006 = CARTESIAN_POINT('',(0.,-16.));
#1007 = ( GEOMETRIC_REPRESENTATION_CONTEXT(2) 
PARAMETRIC_REPRESENTATION_CONTEXT() REPRESENTATION_CONTEXT('2D SPACE',''
  ) );
#1008 = ORIENTED_EDGE('',*,*,#1009,.T.);
#1009 = EDGE_CURVE('',#984,#807,#1010,.T.);
#1010 = SURFACE_CURVE('',#1011,(#1016,#1027),.PCURVE_S1.);
#1011 = CIRCLE('',#1012,4.);
#1012 = AXIS2_PLACEMENT_3D('',#1013,#1014,#1015);
#1013 = CARTESIAN_POINT('',(-55.,-35.,18.));
#1014 = DIRECTION('',(0.,0.,-1.));
#1015 = DIRECTION('',(1.,0.,0.));
#1016 = PCURVE('',#90,#1017);
#1017 = DEFINITIONAL_REPRESENTATION('',(#1018),#1026);
#1018 = ( BOUNDED_CURVE() B_SPLINE_CURVE(2,(#1019,#1020,#1021,#1022,
#1023,#1024,#1025),.UNSPECIFIED.,.T.,.F.) B_SPLINE_CURVE_WITH_KNOTS((1,2
    ,2,2,2,1),(-2.094395102393,0.,2.094395102393,4.188790204786,
6.28318530718,8.377580409573),.UNSPECIFIED.) CURVE() 
GEOMETRIC_REPRESENTATION_ITEM() RATIONAL_B_SPLINE_CURVE((1.,0.5,1.,0.5,
1.,0.5,1.)) REPRESENTATION_ITEM('') );
#1019 = CARTESIAN_POINT('',(-51.,-34.99999999844));
#1020 = CARTESIAN_POINT('',(-51.,-41.92820322871));
#1021 = CARTESIAN_POINT('',(-57.,-38.46410161357));
#1022 = CARTESIAN_POINT('',(-63.,-34.99999999844));
#1023 = CARTESIAN_POINT('',(-57.,-31.5358983833));
#1024 = CARTESIAN_POINT('',(-51.,-28.07179676816));
#1025 = CARTESIAN_POINT('',(-51.,-34.99999999844));
#1026 = ( GEOMETRIC_REPRESENTATION_CONTEXT(2) 
PARAMETRIC_REPRESENTATION_CONTEXT() REPRESENTATION_CONTEXT('2D SPACE',''
  ) );
#1027 = PCURVE('',#1028,#1033);
#1028 = CYLINDRICAL_SURFACE('',#1029,4.);
#1029 = AXIS2_PLACEMENT_3D('',#1030,#1031,#1032);
#1030 = CARTESIAN_POINT('',(-55.,-35.,2.));
#1031 = DIRECTION('',(-0.,-0.,-1.));
#1032 = DIRECTION('',(1.,0.,0.));
#1033 = DEFINITIONAL_REPRESENTATION('',(#1034),#1038);
#1034 = LINE('',#1035,#1036);
#1035 = CARTESIAN_POINT('',(-6.28318530718,-16.));
#1036 = VECTOR('',#1037,1.);
#1037 = DIRECTION('',(1.,-0.));
#1038 = ( GEOMETRIC_REPRESENTATION_CONTEXT(2) 
PARAMETRIC_REPRESENTATION_CONTEXT() REPRESENTATION_CONTEXT('2D SPACE',''
  ) );
#1039 = ADVANCED_FACE('',(#1040),#118,.T.);
#1040 = FACE_BOUND('',#1041,.T.);
#1041 = EDGE_LOOP('',(#1042,#1043,#1044,#1065));
#1042 = ORIENTED_EDGE('',*,*,#102,.T.);
#1043 = ORIENTED_EDGE('',*,*,#776,.T.);
#1044 = ORIENTED_EDGE('',*,*,#1045,.F.);
#1045 = EDGE_CURVE('',#479,#754,#1046,.T.);
#1046 = SURFACE_CURVE('',#1047,(#1051,#1058),.PCURVE_S1.);
#1047 = LINE('',#1048,#1049);
#1048 = CARTESIAN_POINT('',(-55.,40.999999996501,0.));
#1049 = VECTOR('',#1050,1.);
#1050 = DIRECTION('',(0.,0.,1.));
#1051 = PCURVE('',#118,#1052);
#1052 = DEFINITIONAL_REPRESENTATION('',(#1053),#1057);
#1053 = LINE('',#1054,#1055);
#1054 = CARTESIAN_POINT('',(1.570796326795,0.));
#1055 = VECTOR('',#1056,1.);
#1056 = DIRECTION('',(0.,-1.));
#1057 = ( GEOMETRIC_REPRESENTATION_CONTEXT(2) 
PARAMETRIC_REPRESENTATION_CONTEXT() REPRESENTATION_CONTEXT('2D SPACE',''
  ) );
#1058 = PCURVE('',#494,#1059);
#1059 = DEFINITIONAL_REPRESENTATION('',(#1060),#1064);
#1060 = LINE('',#1061,#1062);
#1061 = CARTESIAN_POINT('',(0.,0.));
#1062 = VECTOR('',#1063,1.);
#1063 = DIRECTION('',(0.,-1.));
#1064 = ( GEOMETRIC_REPRESENTATION_CONTEXT(2) 
PARAMETRIC_REPRESENTATION_CONTEXT() REPRESENTATION_CONTEXT('2D SPACE',''
  ) );
#1065 = ORIENTED_EDGE('',*,*,#506,.F.);
#1066 = ADVANCED_FACE('',(#1067),#176,.F.);
#1067 = FACE_BOUND('',#1068,.F.);
#1068 = EDGE_LOOP('',(#1069,#1070,#1093,#1114));
#1069 = ORIENTED_EDGE('',*,*,#158,.F.);
#1070 = ORIENTED_EDGE('',*,*,#1071,.T.);
#1071 = EDGE_CURVE('',#159,#1072,#1074,.T.);
#1072 = VERTEX_POINT('',#1073);
#1073 = CARTESIAN_POINT('',(-59.,-6.,4.25));
#1074 = SURFACE_CURVE('',#1075,(#1079,#1086),.PCURVE_S1.);
#1075 = LINE('',#1076,#1077);
#1076 = CARTESIAN_POINT('',(-61.,-6.,4.25));
#1077 = VECTOR('',#1078,1.);
#1078 = DIRECTION('',(1.,0.,0.));
#1079 = PCURVE('',#176,#1080);
#1080 = DEFINITIONAL_REPRESENTATION('',(#1081),#1085);
#1081 = LINE('',#1082,#1083);
#1082 = CARTESIAN_POINT('',(0.,0.));
#1083 = VECTOR('',#1084,1.);
#1084 = DIRECTION('',(0.,-1.));
#1085 = ( GEOMETRIC_REPRESENTATION_CONTEXT(2) 
PARAMETRIC_REPRESENTATION_CONTEXT() REPRESENTATION_CONTEXT('2D SPACE',''
  ) );
#1086 = PCURVE('',#204,#1087);
#1087 = DEFINITIONAL_REPRESENTATION('',(#1088),#1092);
#1088 = LINE('',#1089,#1090);
#1089 = CARTESIAN_POINT('',(0.,0.));
#1090 = VECTOR('',#1091,1.);
#1091 = DIRECTION('',(0.,-1.));
#1092 = ( GEOMETRIC_REPRESENTATION_CONTEXT(2) 
PARAMETRIC_REPRESENTATION_CONTEXT() REPRESENTATION_CONTEXT('2D SPACE',''
  ) );
#1093 = ORIENTED_EDGE('',*,*,#1094,.T.);
#1094 = EDGE_CURVE('',#1072,#1095,#1097,.T.);
#1095 = VERTEX_POINT('',#1096);
#1096 = CARTESIAN_POINT('',(-59.,-6.,10.75));
#1097 = SURFACE_CURVE('',#1098,(#1102,#1108),.PCURVE_S1.);
#1098 = LINE('',#1099,#1100);
#1099 = CARTESIAN_POINT('',(-59.,-6.,3.125));
#1100 = VECTOR('',#1101,1.);
#1101 = DIRECTION('',(0.,0.,1.));
#1102 = PCURVE('',#176,#1103);
#1103 = DEFINITIONAL_REPRESENTATION('',(#1104),#1107);
#1104 = B_SPLINE_CURVE_WITH_KNOTS('',1,(#1105,#1106),.UNSPECIFIED.,.F.,
  .F.,(2,2),(1.125,7.625),.PIECEWISE_BEZIER_KNOTS.);
#1105 = CARTESIAN_POINT('',(0.,-2.));
#1106 = CARTESIAN_POINT('',(6.5,-2.));
#1107 = ( GEOMETRIC_REPRESENTATION_CONTEXT(2) 
PARAMETRIC_REPRESENTATION_CONTEXT() REPRESENTATION_CONTEXT('2D SPACE',''
  ) );
#1108 = PCURVE('',#821,#1109);
#1109 = DEFINITIONAL_REPRESENTATION('',(#1110),#1113);
#1110 = B_SPLINE_CURVE_WITH_KNOTS('',1,(#1111,#1112),.UNSPECIFIED.,.F.,
  .F.,(2,2),(1.125,7.625),.PIECEWISE_BEZIER_KNOTS.);
#1111 = CARTESIAN_POINT('',(29.000000000001,-2.25));
#1112 = CARTESIAN_POINT('',(29.000000000001,-8.75));
#1113 = ( GEOMETRIC_REPRESENTATION_CONTEXT(2) 
PARAMETRIC_REPRESENTATION_CONTEXT() REPRESENTATION_CONTEXT('2D SPACE',''
  ) );
#1114 = ORIENTED_EDGE('',*,*,#1115,.F.);
#1115 = EDGE_CURVE('',#161,#1095,#1116,.T.);
#1116 = SURFACE_CURVE('',#1117,(#1121,#1128),.PCURVE_S1.);
#1117 = LINE('',#1118,#1119);
#1118 = CARTESIAN_POINT('',(-61.,-6.,10.75));
#1119 = VECTOR('',#1120,1.);
#1120 = DIRECTION('',(1.,0.,0.));
#1121 = PCURVE('',#176,#1122);
#1122 = DEFINITIONAL_REPRESENTATION('',(#1123),#1127);
#1123 = LINE('',#1124,#1125);
#1124 = CARTESIAN_POINT('',(6.5,0.));
#1125 = VECTOR('',#1126,1.);
#1126 = DIRECTION('',(0.,-1.));
#1127 = ( GEOMETRIC_REPRESENTATION_CONTEXT(2) 
PARAMETRIC_REPRESENTATION_CONTEXT() REPRESENTATION_CONTEXT('2D SPACE',''
  ) );
#1128 = PCURVE('',#258,#1129);
#1129 = DEFINITIONAL_REPRESENTATION('',(#1130),#1134);
#1130 = LINE('',#1131,#1132);
#1131 = CARTESIAN_POINT('',(0.,0.));
#1132 = VECTOR('',#1133,1.);
#1133 = DIRECTION('',(0.,-1.));
#1134 = ( GEOMETRIC_REPRESENTATION_CONTEXT(2) 
PARAMETRIC_REPRESENTATION_CONTEXT() REPRESENTATION_CONTEXT('2D SPACE',''
  ) );
#1135 = ADVANCED_FACE('',(#1136),#258,.F.);
#1136 = FACE_BOUND('',#1137,.F.);
#1137 = EDGE_LOOP('',(#1138,#1139,#1140,#1161));
#1138 = ORIENTED_EDGE('',*,*,#244,.F.);
#1139 = ORIENTED_EDGE('',*,*,#1115,.T.);
#1140 = ORIENTED_EDGE('',*,*,#1141,.T.);
#1141 = EDGE_CURVE('',#1095,#1142,#1144,.T.);
#1142 = VERTEX_POINT('',#1143);
#1143 = CARTESIAN_POINT('',(-59.,6.,10.75));
#1144 = SURFACE_CURVE('',#1145,(#1149,#1155),.PCURVE_S1.);
#1145 = LINE('',#1146,#1147);
#1146 = CARTESIAN_POINT('',(-59.,-20.5,10.75));
#1147 = VECTOR('',#1148,1.);
#1148 = DIRECTION('',(0.,1.,-0.));
#1149 = PCURVE('',#258,#1150);
#1150 = DEFINITIONAL_REPRESENTATION('',(#1151),#1154);
#1151 = B_SPLINE_CURVE_WITH_KNOTS('',1,(#1152,#1153),.UNSPECIFIED.,.F.,
  .F.,(2,2),(14.500000000001,26.500000000001),.PIECEWISE_BEZIER_KNOTS.);
#1152 = CARTESIAN_POINT('',(0.,-2.));
#1153 = CARTESIAN_POINT('',(12.,-2.));
#1154 = ( GEOMETRIC_REPRESENTATION_CONTEXT(2) 
PARAMETRIC_REPRESENTATION_CONTEXT() REPRESENTATION_CONTEXT('2D SPACE',''
  ) );
#1155 = PCURVE('',#821,#1156);
#1156 = DEFINITIONAL_REPRESENTATION('',(#1157),#1160);
#1157 = B_SPLINE_CURVE_WITH_KNOTS('',1,(#1158,#1159),.UNSPECIFIED.,.F.,
  .F.,(2,2),(14.500000000001,26.500000000001),.PIECEWISE_BEZIER_KNOTS.);
#1158 = CARTESIAN_POINT('',(29.000000000001,-8.75));
#1159 = CARTESIAN_POINT('',(41.000000000001,-8.75));
#1160 = ( GEOMETRIC_REPRESENTATION_CONTEXT(2) 
PARAMETRIC_REPRESENTATION_CONTEXT() REPRESENTATION_CONTEXT('2D SPACE',''
  ) );
#1161 = ORIENTED_EDGE('',*,*,#1162,.F.);
#1162 = EDGE_CURVE('',#217,#1142,#1163,.T.);
#1163 = SURFACE_CURVE('',#1164,(#1168,#1175),.PCURVE_S1.);
#1164 = LINE('',#1165,#1166);
#1165 = CARTESIAN_POINT('',(-61.,6.,10.75));
#1166 = VECTOR('',#1167,1.);
#1167 = DIRECTION('',(1.,0.,0.));
#1168 = PCURVE('',#258,#1169);
#1169 = DEFINITIONAL_REPRESENTATION('',(#1170),#1174);
#1170 = LINE('',#1171,#1172);
#1171 = CARTESIAN_POINT('',(12.,0.));
#1172 = VECTOR('',#1173,1.);
#1173 = DIRECTION('',(0.,-1.));
#1174 = ( GEOMETRIC_REPRESENTATION_CONTEXT(2) 
PARAMETRIC_REPRESENTATION_CONTEXT() REPRESENTATION_CONTEXT('2D SPACE',''
  ) );
#1175 = PCURVE('',#232,#1176);
#1176 = DEFINITIONAL_REPRESENTATION('',(#1177),#1181);
#1177 = LINE('',#1178,#1179);
#1178 = CARTESIAN_POINT('',(6.5,0.));
#1179 = VECTOR('',#1180,1.);
#1180 = DIRECTION('',(0.,-1.));
#1181 = ( GEOMETRIC_REPRESENTATION_CONTEXT(2) 
PARAMETRIC_REPRESENTATION_CONTEXT() REPRESENTATION_CONTEXT('2D SPACE',''
  ) );
#1182 = ADVANCED_FACE('',(#1183),#232,.T.);
#1183 = FACE_BOUND('',#1184,.T.);
#1184 = EDGE_LOOP('',(#1185,#1186,#1209,#1228));
#1185 = ORIENTED_EDGE('',*,*,#216,.F.);
#1186 = ORIENTED_EDGE('',*,*,#1187,.T.);
#1187 = EDGE_CURVE('',#189,#1188,#1190,.T.);
#1188 = VERTEX_POINT('',#1189);
#1189 = CARTESIAN_POINT('',(-59.,6.,4.25));
#1190 = SURFACE_CURVE('',#1191,(#1195,#1202),.PCURVE_S1.);
#1191 = LINE('',#1192,#1193);
#1192 = CARTESIAN_POINT('',(-61.,6.,4.25));
#1193 = VECTOR('',#1194,1.);
#1194 = DIRECTION('',(1.,0.,0.));
#1195 = PCURVE('',#232,#1196);
#1196 = DEFINITIONAL_REPRESENTATION('',(#1197),#1201);
#1197 = LINE('',#1198,#1199);
#1198 = CARTESIAN_POINT('',(0.,0.));
#1199 = VECTOR('',#1200,1.);
#1200 = DIRECTION('',(0.,-1.));
#1201 = ( GEOMETRIC_REPRESENTATION_CONTEXT(2) 
PARAMETRIC_REPRESENTATION_CONTEXT() REPRESENTATION_CONTEXT('2D SPACE',''
  ) );
#1202 = PCURVE('',#204,#1203);
#1203 = DEFINITIONAL_REPRESENTATION('',(#1204),#1208);
#1204 = LINE('',#1205,#1206);
#1205 = CARTESIAN_POINT('',(12.,0.));
#1206 = VECTOR('',#1207,1.);
#1207 = DIRECTION('',(0.,-1.));
#1208 = ( GEOMETRIC_REPRESENTATION_CONTEXT(2) 
PARAMETRIC_REPRESENTATION_CONTEXT() REPRESENTATION_CONTEXT('2D SPACE',''
  ) );
#1209 = ORIENTED_EDGE('',*,*,#1210,.T.);
#1210 = EDGE_CURVE('',#1188,#1142,#1211,.T.);
#1211 = SURFACE_CURVE('',#1212,(#1216,#1222),.PCURVE_S1.);
#1212 = LINE('',#1213,#1214);
#1213 = CARTESIAN_POINT('',(-59.,6.,3.125));
#1214 = VECTOR('',#1215,1.);
#1215 = DIRECTION('',(0.,0.,1.));
#1216 = PCURVE('',#232,#1217);
#1217 = DEFINITIONAL_REPRESENTATION('',(#1218),#1221);
#1218 = B_SPLINE_CURVE_WITH_KNOTS('',1,(#1219,#1220),.UNSPECIFIED.,.F.,
  .F.,(2,2),(1.125,7.625),.PIECEWISE_BEZIER_KNOTS.);
#1219 = CARTESIAN_POINT('',(0.,-2.));
#1220 = CARTESIAN_POINT('',(6.5,-2.));
#1221 = ( GEOMETRIC_REPRESENTATION_CONTEXT(2) 
PARAMETRIC_REPRESENTATION_CONTEXT() REPRESENTATION_CONTEXT('2D SPACE',''
  ) );
#1222 = PCURVE('',#821,#1223);
#1223 = DEFINITIONAL_REPRESENTATION('',(#1224),#1227);
#1224 = B_SPLINE_CURVE_WITH_KNOTS('',1,(#1225,#1226),.UNSPECIFIED.,.F.,
  .F.,(2,2),(1.125,7.625),.PIECEWISE_BEZIER_KNOTS.);
#1225 = CARTESIAN_POINT('',(41.000000000001,-2.25));
#1226 = CARTESIAN_POINT('',(41.000000000001,-8.75));
#1227 = ( GEOMETRIC_REPRESENTATION_CONTEXT(2) 
PARAMETRIC_REPRESENTATION_CONTEXT() REPRESENTATION_CONTEXT('2D SPACE',''
  ) );
#1228 = ORIENTED_EDGE('',*,*,#1162,.F.);
#1229 = ADVANCED_FACE('',(#1230),#204,.T.);
#1230 = FACE_BOUND('',#1231,.T.);
#1231 = EDGE_LOOP('',(#1232,#1233,#1234,#1253));
#1232 = ORIENTED_EDGE('',*,*,#188,.F.);
#1233 = ORIENTED_EDGE('',*,*,#1071,.T.);
#1234 = ORIENTED_EDGE('',*,*,#1235,.T.);
#1235 = EDGE_CURVE('',#1072,#1188,#1236,.T.);
#1236 = SURFACE_CURVE('',#1237,(#1241,#1247),.PCURVE_S1.);
#1237 = LINE('',#1238,#1239);
#1238 = CARTESIAN_POINT('',(-59.,-20.5,4.25));
#1239 = VECTOR('',#1240,1.);
#1240 = DIRECTION('',(0.,1.,-0.));
#1241 = PCURVE('',#204,#1242);
#1242 = DEFINITIONAL_REPRESENTATION('',(#1243),#1246);
#1243 = B_SPLINE_CURVE_WITH_KNOTS('',1,(#1244,#1245),.UNSPECIFIED.,.F.,
  .F.,(2,2),(14.500000000001,26.500000000001),.PIECEWISE_BEZIER_KNOTS.);
#1244 = CARTESIAN_POINT('',(0.,-2.));
#1245 = CARTESIAN_POINT('',(12.,-2.));
#1246 = ( GEOMETRIC_REPRESENTATION_CONTEXT(2) 
PARAMETRIC_REPRESENTATION_CONTEXT() REPRESENTATION_CONTEXT('2D SPACE',''
  ) );
#1247 = PCURVE('',#821,#1248);
#1248 = DEFINITIONAL_REPRESENTATION('',(#1249),#1252);
#1249 = B_SPLINE_CURVE_WITH_KNOTS('',1,(#1250,#1251),.UNSPECIFIED.,.F.,
  .F.,(2,2),(14.500000000001,26.500000000001),.PIECEWISE_BEZIER_KNOTS.);
#1250 = CARTESIAN_POINT('',(29.000000000001,-2.25));
#1251 = CARTESIAN_POINT('',(41.000000000001,-2.25));
#1252 = ( GEOMETRIC_REPRESENTATION_CONTEXT(2) 
PARAMETRIC_REPRESENTATION_CONTEXT() REPRESENTATION_CONTEXT('2D SPACE',''
  ) );
#1253 = ORIENTED_EDGE('',*,*,#1187,.F.);
#1254 = ADVANCED_FACE('',(#1255),#291,.F.);
#1255 = FACE_BOUND('',#1256,.F.);
#1256 = EDGE_LOOP('',(#1257,#1258,#1259,#1280));
#1257 = ORIENTED_EDGE('',*,*,#273,.T.);
#1258 = ORIENTED_EDGE('',*,*,#651,.T.);
#1259 = ORIENTED_EDGE('',*,*,#1260,.F.);
#1260 = EDGE_CURVE('',#362,#652,#1261,.T.);
#1261 = SURFACE_CURVE('',#1262,(#1266,#1273),.PCURVE_S1.);
#1262 = LINE('',#1263,#1264);
#1263 = CARTESIAN_POINT('',(55.,-41.,0.));
#1264 = VECTOR('',#1265,1.);
#1265 = DIRECTION('',(0.,0.,1.));
#1266 = PCURVE('',#291,#1267);
#1267 = DEFINITIONAL_REPRESENTATION('',(#1268),#1272);
#1268 = LINE('',#1269,#1270);
#1269 = CARTESIAN_POINT('',(110.,0.));
#1270 = VECTOR('',#1271,1.);
#1271 = DIRECTION('',(0.,-1.));
#1272 = ( GEOMETRIC_REPRESENTATION_CONTEXT(2) 
PARAMETRIC_REPRESENTATION_CONTEXT() REPRESENTATION_CONTEXT('2D SPACE',''
  ) );
#1273 = PCURVE('',#405,#1274);
#1274 = DEFINITIONAL_REPRESENTATION('',(#1275),#1279);
#1275 = LINE('',#1276,#1277);
#1276 = CARTESIAN_POINT('',(4.712388980385,0.));
#1277 = VECTOR('',#1278,1.);
#1278 = DIRECTION('',(0.,-1.));
#1279 = ( GEOMETRIC_REPRESENTATION_CONTEXT(2) 
PARAMETRIC_REPRESENTATION_CONTEXT() REPRESENTATION_CONTEXT('2D SPACE',''
  ) );
#1280 = ORIENTED_EDGE('',*,*,#361,.F.);
#1281 = ADVANCED_FACE('',(#1282),#494,.T.);
#1282 = FACE_BOUND('',#1283,.T.);
#1283 = EDGE_LOOP('',(#1284,#1285,#1286,#1307));
#1284 = ORIENTED_EDGE('',*,*,#1045,.T.);
#1285 = ORIENTED_EDGE('',*,*,#753,.T.);
#1286 = ORIENTED_EDGE('',*,*,#1287,.F.);
#1287 = EDGE_CURVE('',#446,#726,#1288,.T.);
#1288 = SURFACE_CURVE('',#1289,(#1293,#1300),.PCURVE_S1.);
#1289 = LINE('',#1290,#1291);
#1290 = CARTESIAN_POINT('',(55.,40.999999996501,0.));
#1291 = VECTOR('',#1292,1.);
#1292 = DIRECTION('',(0.,0.,1.));
#1293 = PCURVE('',#494,#1294);
#1294 = DEFINITIONAL_REPRESENTATION('',(#1295),#1299);
#1295 = LINE('',#1296,#1297);
#1296 = CARTESIAN_POINT('',(110.,0.));
#1297 = VECTOR('',#1298,1.);
#1298 = DIRECTION('',(0.,-1.));
#1299 = ( GEOMETRIC_REPRESENTATION_CONTEXT(2) 
PARAMETRIC_REPRESENTATION_CONTEXT() REPRESENTATION_CONTEXT('2D SPACE',''
  ) );
#1300 = PCURVE('',#466,#1301);
#1301 = DEFINITIONAL_REPRESENTATION('',(#1302),#1306);
#1302 = LINE('',#1303,#1304);
#1303 = CARTESIAN_POINT('',(1.570796326795,0.));
#1304 = VECTOR('',#1305,1.);
#1305 = DIRECTION('',(0.,-1.));
#1306 = ( GEOMETRIC_REPRESENTATION_CONTEXT(2) 
PARAMETRIC_REPRESENTATION_CONTEXT() REPRESENTATION_CONTEXT('2D SPACE',''
  ) );
#1307 = ORIENTED_EDGE('',*,*,#478,.F.);
#1308 = ADVANCED_FACE('',(#1309),#405,.T.);
#1309 = FACE_BOUND('',#1310,.T.);
#1310 = EDGE_LOOP('',(#1311,#1332,#1333,#1334));
#1311 = ORIENTED_EDGE('',*,*,#1312,.T.);
#1312 = EDGE_CURVE('',#385,#675,#1313,.T.);
#1313 = SURFACE_CURVE('',#1314,(#1318,#1325),.PCURVE_S1.);
#1314 = LINE('',#1315,#1316);
#1315 = CARTESIAN_POINT('',(61.,-35.,0.));
#1316 = VECTOR('',#1317,1.);
#1317 = DIRECTION('',(0.,0.,1.));
#1318 = PCURVE('',#405,#1319);
#1319 = DEFINITIONAL_REPRESENTATION('',(#1320),#1324);
#1320 = LINE('',#1321,#1322);
#1321 = CARTESIAN_POINT('',(3.14159265359,0.));
#1322 = VECTOR('',#1323,1.);
#1323 = DIRECTION('',(0.,-1.));
#1324 = ( GEOMETRIC_REPRESENTATION_CONTEXT(2) 
PARAMETRIC_REPRESENTATION_CONTEXT() REPRESENTATION_CONTEXT('2D SPACE',''
  ) );
#1325 = PCURVE('',#433,#1326);
#1326 = DEFINITIONAL_REPRESENTATION('',(#1327),#1331);
#1327 = LINE('',#1328,#1329);
#1328 = CARTESIAN_POINT('',(0.,0.));
#1329 = VECTOR('',#1330,1.);
#1330 = DIRECTION('',(0.,-1.));
#1331 = ( GEOMETRIC_REPRESENTATION_CONTEXT(2) 
PARAMETRIC_REPRESENTATION_CONTEXT() REPRESENTATION_CONTEXT('2D SPACE',''
  ) );
#1332 = ORIENTED_EDGE('',*,*,#674,.T.);
#1333 = ORIENTED_EDGE('',*,*,#1260,.F.);
#1334 = ORIENTED_EDGE('',*,*,#384,.F.);
#1335 = ADVANCED_FACE('',(#1336),#466,.T.);
#1336 = FACE_BOUND('',#1337,.T.);
#1337 = EDGE_LOOP('',(#1338,#1339,#1340,#1341,#1364,#1393,#1419,#1448));
#1338 = ORIENTED_EDGE('',*,*,#445,.F.);
#1339 = ORIENTED_EDGE('',*,*,#1287,.T.);
#1340 = ORIENTED_EDGE('',*,*,#725,.T.);
#1341 = ORIENTED_EDGE('',*,*,#1342,.F.);
#1342 = EDGE_CURVE('',#1343,#703,#1345,.T.);
#1343 = VERTEX_POINT('',#1344);
#1344 = CARTESIAN_POINT('',(61.,34.999999993001,10.5));
#1345 = SURFACE_CURVE('',#1346,(#1350,#1357),.PCURVE_S1.);
#1346 = LINE('',#1347,#1348);
#1347 = CARTESIAN_POINT('',(61.,34.999999993001,0.));
#1348 = VECTOR('',#1349,1.);
#1349 = DIRECTION('',(0.,0.,1.));
#1350 = PCURVE('',#466,#1351);
#1351 = DEFINITIONAL_REPRESENTATION('',(#1352),#1356);
#1352 = LINE('',#1353,#1354);
#1353 = CARTESIAN_POINT('',(3.14159265359,0.));
#1354 = VECTOR('',#1355,1.);
#1355 = DIRECTION('',(0.,-1.));
#1356 = ( GEOMETRIC_REPRESENTATION_CONTEXT(2) 
PARAMETRIC_REPRESENTATION_CONTEXT() REPRESENTATION_CONTEXT('2D SPACE',''
  ) );
#1357 = PCURVE('',#433,#1358);
#1358 = DEFINITIONAL_REPRESENTATION('',(#1359),#1363);
#1359 = LINE('',#1360,#1361);
#1360 = CARTESIAN_POINT('',(69.999999993002,0.));
#1361 = VECTOR('',#1362,1.);
#1362 = DIRECTION('',(0.,-1.));
#1363 = ( GEOMETRIC_REPRESENTATION_CONTEXT(2) 
PARAMETRIC_REPRESENTATION_CONTEXT() REPRESENTATION_CONTEXT('2D SPACE',''
  ) );
#1364 = ORIENTED_EDGE('',*,*,#1365,.F.);
#1365 = EDGE_CURVE('',#1366,#1343,#1368,.T.);
#1366 = VERTEX_POINT('',#1367);
#1367 = CARTESIAN_POINT('',(60.332682248316,37.75,10.5));
#1368 = SURFACE_CURVE('',#1369,(#1374,#1381),.PCURVE_S1.);
#1369 = CIRCLE('',#1370,6.);
#1370 = AXIS2_PLACEMENT_3D('',#1371,#1372,#1373);
#1371 = CARTESIAN_POINT('',(55.,34.999999993001,10.5));
#1372 = DIRECTION('',(0.,0.,-1.));
#1373 = DIRECTION('',(-1.,0.,0.));
#1374 = PCURVE('',#466,#1375);
#1375 = DEFINITIONAL_REPRESENTATION('',(#1376),#1380);
#1376 = LINE('',#1377,#1378);
#1377 = CARTESIAN_POINT('',(0.,-10.5));
#1378 = VECTOR('',#1379,1.);
#1379 = DIRECTION('',(1.,0.));
#1380 = ( GEOMETRIC_REPRESENTATION_CONTEXT(2) 
PARAMETRIC_REPRESENTATION_CONTEXT() REPRESENTATION_CONTEXT('2D SPACE',''
  ) );
#1381 = PCURVE('',#1382,#1387);
#1382 = PLANE('',#1383);
#1383 = AXIS2_PLACEMENT_3D('',#1384,#1385,#1386);
#1384 = CARTESIAN_POINT('',(61.,31.25,10.5));
#1385 = DIRECTION('',(0.,0.,-1.));
#1386 = DIRECTION('',(0.,1.,0.));
#1387 = DEFINITIONAL_REPRESENTATION('',(#1388),#1392);
#1388 = CIRCLE('',#1389,6.);
#1389 = AXIS2_PLACEMENT_2D('',#1390,#1391);
#1390 = CARTESIAN_POINT('',(3.749999993001,-6.));
#1391 = DIRECTION('',(0.,-1.));
#1392 = ( GEOMETRIC_REPRESENTATION_CONTEXT(2) 
PARAMETRIC_REPRESENTATION_CONTEXT() REPRESENTATION_CONTEXT('2D SPACE',''
  ) );
#1393 = ORIENTED_EDGE('',*,*,#1394,.T.);
#1394 = EDGE_CURVE('',#1366,#1395,#1397,.T.);
#1395 = VERTEX_POINT('',#1396);
#1396 = CARTESIAN_POINT('',(60.332682248316,37.75,4.5));
#1397 = SURFACE_CURVE('',#1398,(#1402,#1408),.PCURVE_S1.);
#1398 = LINE('',#1399,#1400);
#1399 = CARTESIAN_POINT('',(60.332682248316,37.75,0.));
#1400 = VECTOR('',#1401,1.);
#1401 = DIRECTION('',(0.,0.,-1.));
#1402 = PCURVE('',#466,#1403);
#1403 = DEFINITIONAL_REPRESENTATION('',(#1404),#1407);
#1404 = B_SPLINE_CURVE_WITH_KNOTS('',1,(#1405,#1406),.UNSPECIFIED.,.F.,
  .F.,(2,2),(-11.1,-3.9),.PIECEWISE_BEZIER_KNOTS.);
#1405 = CARTESIAN_POINT('',(2.665473591366,-11.1));
#1406 = CARTESIAN_POINT('',(2.665473591366,-3.9));
#1407 = ( GEOMETRIC_REPRESENTATION_CONTEXT(2) 
PARAMETRIC_REPRESENTATION_CONTEXT() REPRESENTATION_CONTEXT('2D SPACE',''
  ) );
#1408 = PCURVE('',#1409,#1414);
#1409 = PLANE('',#1410);
#1410 = AXIS2_PLACEMENT_3D('',#1411,#1412,#1413);
#1411 = CARTESIAN_POINT('',(61.,37.75,4.5));
#1412 = DIRECTION('',(0.,1.,0.));
#1413 = DIRECTION('',(0.,-0.,1.));
#1414 = DEFINITIONAL_REPRESENTATION('',(#1415),#1418);
#1415 = B_SPLINE_CURVE_WITH_KNOTS('',1,(#1416,#1417),.UNSPECIFIED.,.F.,
  .F.,(2,2),(-11.1,-3.9),.PIECEWISE_BEZIER_KNOTS.);
#1416 = CARTESIAN_POINT('',(6.6,-0.667317751684));
#1417 = CARTESIAN_POINT('',(-0.6,-0.667317751684));
#1418 = ( GEOMETRIC_REPRESENTATION_CONTEXT(2) 
PARAMETRIC_REPRESENTATION_CONTEXT() REPRESENTATION_CONTEXT('2D SPACE',''
  ) );
#1419 = ORIENTED_EDGE('',*,*,#1420,.T.);
#1420 = EDGE_CURVE('',#1395,#1421,#1423,.T.);
#1421 = VERTEX_POINT('',#1422);
#1422 = CARTESIAN_POINT('',(61.,34.999999993001,4.5));
#1423 = SURFACE_CURVE('',#1424,(#1429,#1436),.PCURVE_S1.);
#1424 = CIRCLE('',#1425,6.);
#1425 = AXIS2_PLACEMENT_3D('',#1426,#1427,#1428);
#1426 = CARTESIAN_POINT('',(55.,34.999999993001,4.5));
#1427 = DIRECTION('',(0.,0.,-1.));
#1428 = DIRECTION('',(-1.,0.,0.));
#1429 = PCURVE('',#466,#1430);
#1430 = DEFINITIONAL_REPRESENTATION('',(#1431),#1435);
#1431 = LINE('',#1432,#1433);
#1432 = CARTESIAN_POINT('',(0.,-4.5));
#1433 = VECTOR('',#1434,1.);
#1434 = DIRECTION('',(1.,0.));
#1435 = ( GEOMETRIC_REPRESENTATION_CONTEXT(2) 
PARAMETRIC_REPRESENTATION_CONTEXT() REPRESENTATION_CONTEXT('2D SPACE',''
  ) );
#1436 = PCURVE('',#1437,#1442);
#1437 = PLANE('',#1438);
#1438 = AXIS2_PLACEMENT_3D('',#1439,#1440,#1441);
#1439 = CARTESIAN_POINT('',(61.,31.25,4.5));
#1440 = DIRECTION('',(0.,0.,-1.));
#1441 = DIRECTION('',(0.,1.,0.));
#1442 = DEFINITIONAL_REPRESENTATION('',(#1443),#1447);
#1443 = CIRCLE('',#1444,6.);
#1444 = AXIS2_PLACEMENT_2D('',#1445,#1446);
#1445 = CARTESIAN_POINT('',(3.749999993001,-6.));
#1446 = DIRECTION('',(0.,-1.));
#1447 = ( GEOMETRIC_REPRESENTATION_CONTEXT(2) 
PARAMETRIC_REPRESENTATION_CONTEXT() REPRESENTATION_CONTEXT('2D SPACE',''
  ) );
#1448 = ORIENTED_EDGE('',*,*,#1449,.F.);
#1449 = EDGE_CURVE('',#418,#1421,#1450,.T.);
#1450 = SURFACE_CURVE('',#1451,(#1455,#1462),.PCURVE_S1.);
#1451 = LINE('',#1452,#1453);
#1452 = CARTESIAN_POINT('',(61.,34.999999993001,0.));
#1453 = VECTOR('',#1454,1.);
#1454 = DIRECTION('',(0.,0.,1.));
#1455 = PCURVE('',#466,#1456);
#1456 = DEFINITIONAL_REPRESENTATION('',(#1457),#1461);
#1457 = LINE('',#1458,#1459);
#1458 = CARTESIAN_POINT('',(3.14159265359,0.));
#1459 = VECTOR('',#1460,1.);
#1460 = DIRECTION('',(0.,-1.));
#1461 = ( GEOMETRIC_REPRESENTATION_CONTEXT(2) 
PARAMETRIC_REPRESENTATION_CONTEXT() REPRESENTATION_CONTEXT('2D SPACE',''
  ) );
#1462 = PCURVE('',#433,#1463);
#1463 = DEFINITIONAL_REPRESENTATION('',(#1464),#1468);
#1464 = LINE('',#1465,#1466);
#1465 = CARTESIAN_POINT('',(69.999999993002,0.));
#1466 = VECTOR('',#1467,1.);
#1467 = DIRECTION('',(0.,-1.));
#1468 = ( GEOMETRIC_REPRESENTATION_CONTEXT(2) 
PARAMETRIC_REPRESENTATION_CONTEXT() REPRESENTATION_CONTEXT('2D SPACE',''
  ) );
#1469 = ADVANCED_FACE('',(#1470),#433,.F.);
#1470 = FACE_BOUND('',#1471,.F.);
#1471 = EDGE_LOOP('',(#1472,#1473,#1474,#1475,#1476,#1499,#1527,#1548));
#1472 = ORIENTED_EDGE('',*,*,#417,.F.);
#1473 = ORIENTED_EDGE('',*,*,#1312,.T.);
#1474 = ORIENTED_EDGE('',*,*,#702,.T.);
#1475 = ORIENTED_EDGE('',*,*,#1342,.F.);
#1476 = ORIENTED_EDGE('',*,*,#1477,.F.);
#1477 = EDGE_CURVE('',#1478,#1343,#1480,.T.);
#1478 = VERTEX_POINT('',#1479);
#1479 = CARTESIAN_POINT('',(61.,31.25,10.5));
#1480 = SURFACE_CURVE('',#1481,(#1485,#1492),.PCURVE_S1.);
#1481 = LINE('',#1482,#1483);
#1482 = CARTESIAN_POINT('',(61.,34.5,10.5));
#1483 = VECTOR('',#1484,1.);
#1484 = DIRECTION('',(0.,1.,0.));
#1485 = PCURVE('',#433,#1486);
#1486 = DEFINITIONAL_REPRESENTATION('',(#1487),#1491);
#1487 = LINE('',#1488,#1489);
#1488 = CARTESIAN_POINT('',(69.500000000001,-10.5));
#1489 = VECTOR('',#1490,1.);
#1490 = DIRECTION('',(1.,0.));
#1491 = ( GEOMETRIC_REPRESENTATION_CONTEXT(2) 
PARAMETRIC_REPRESENTATION_CONTEXT() REPRESENTATION_CONTEXT('2D SPACE',''
  ) );
#1492 = PCURVE('',#1382,#1493);
#1493 = DEFINITIONAL_REPRESENTATION('',(#1494),#1498);
#1494 = LINE('',#1495,#1496);
#1495 = CARTESIAN_POINT('',(3.25,0.));
#1496 = VECTOR('',#1497,1.);
#1497 = DIRECTION('',(1.,0.));
#1498 = ( GEOMETRIC_REPRESENTATION_CONTEXT(2) 
PARAMETRIC_REPRESENTATION_CONTEXT() REPRESENTATION_CONTEXT('2D SPACE',''
  ) );
#1499 = ORIENTED_EDGE('',*,*,#1500,.F.);
#1500 = EDGE_CURVE('',#1501,#1478,#1503,.T.);
#1501 = VERTEX_POINT('',#1502);
#1502 = CARTESIAN_POINT('',(61.,31.25,4.5));
#1503 = SURFACE_CURVE('',#1504,(#1508,#1515),.PCURVE_S1.);
#1504 = LINE('',#1505,#1506);
#1505 = CARTESIAN_POINT('',(61.,31.25,7.5));
#1506 = VECTOR('',#1507,1.);
#1507 = DIRECTION('',(0.,0.,1.));
#1508 = PCURVE('',#433,#1509);
#1509 = DEFINITIONAL_REPRESENTATION('',(#1510),#1514);
#1510 = LINE('',#1511,#1512);
#1511 = CARTESIAN_POINT('',(66.250000000001,-7.5));
#1512 = VECTOR('',#1513,1.);
#1513 = DIRECTION('',(0.,-1.));
#1514 = ( GEOMETRIC_REPRESENTATION_CONTEXT(2) 
PARAMETRIC_REPRESENTATION_CONTEXT() REPRESENTATION_CONTEXT('2D SPACE',''
  ) );
#1515 = PCURVE('',#1516,#1521);
#1516 = PLANE('',#1517);
#1517 = AXIS2_PLACEMENT_3D('',#1518,#1519,#1520);
#1518 = CARTESIAN_POINT('',(61.,31.25,4.5));
#1519 = DIRECTION('',(0.,1.,0.));
#1520 = DIRECTION('',(0.,-0.,1.));
#1521 = DEFINITIONAL_REPRESENTATION('',(#1522),#1526);
#1522 = LINE('',#1523,#1524);
#1523 = CARTESIAN_POINT('',(3.,0.));
#1524 = VECTOR('',#1525,1.);
#1525 = DIRECTION('',(1.,0.));
#1526 = ( GEOMETRIC_REPRESENTATION_CONTEXT(2) 
PARAMETRIC_REPRESENTATION_CONTEXT() REPRESENTATION_CONTEXT('2D SPACE',''
  ) );
#1527 = ORIENTED_EDGE('',*,*,#1528,.T.);
#1528 = EDGE_CURVE('',#1501,#1421,#1529,.T.);
#1529 = SURFACE_CURVE('',#1530,(#1534,#1541),.PCURVE_S1.);
#1530 = LINE('',#1531,#1532);
#1531 = CARTESIAN_POINT('',(61.,34.5,4.5));
#1532 = VECTOR('',#1533,1.);
#1533 = DIRECTION('',(0.,1.,0.));
#1534 = PCURVE('',#433,#1535);
#1535 = DEFINITIONAL_REPRESENTATION('',(#1536),#1540);
#1536 = LINE('',#1537,#1538);
#1537 = CARTESIAN_POINT('',(69.500000000001,-4.5));
#1538 = VECTOR('',#1539,1.);
#1539 = DIRECTION('',(1.,0.));
#1540 = ( GEOMETRIC_REPRESENTATION_CONTEXT(2) 
PARAMETRIC_REPRESENTATION_CONTEXT() REPRESENTATION_CONTEXT('2D SPACE',''
  ) );
#1541 = PCURVE('',#1437,#1542);
#1542 = DEFINITIONAL_REPRESENTATION('',(#1543),#1547);
#1543 = LINE('',#1544,#1545);
#1544 = CARTESIAN_POINT('',(3.25,0.));
#1545 = VECTOR('',#1546,1.);
#1546 = DIRECTION('',(1.,0.));
#1547 = ( GEOMETRIC_REPRESENTATION_CONTEXT(2) 
PARAMETRIC_REPRESENTATION_CONTEXT() REPRESENTATION_CONTEXT('2D SPACE',''
  ) );
#1548 = ORIENTED_EDGE('',*,*,#1449,.F.);
#1549 = ADVANCED_FACE('',(#1550),#552,.T.);
#1550 = FACE_BOUND('',#1551,.T.);
#1551 = EDGE_LOOP('',(#1552,#1553,#1576,#1602));
#1552 = ORIENTED_EDGE('',*,*,#534,.F.);
#1553 = ORIENTED_EDGE('',*,*,#1554,.T.);
#1554 = EDGE_CURVE('',#535,#1555,#1557,.T.);
#1555 = VERTEX_POINT('',#1556);
#1556 = CARTESIAN_POINT('',(-42.75,-27.75,2.));
#1557 = SURFACE_CURVE('',#1558,(#1562,#1569),.PCURVE_S1.);
#1558 = LINE('',#1559,#1560);
#1559 = CARTESIAN_POINT('',(-42.75,-27.75,0.));
#1560 = VECTOR('',#1561,1.);
#1561 = DIRECTION('',(0.,0.,1.));
#1562 = PCURVE('',#552,#1563);
#1563 = DEFINITIONAL_REPRESENTATION('',(#1564),#1568);
#1564 = LINE('',#1565,#1566);
#1565 = CARTESIAN_POINT('',(0.,0.));
#1566 = VECTOR('',#1567,1.);
#1567 = DIRECTION('',(0.,-1.));
#1568 = ( GEOMETRIC_REPRESENTATION_CONTEXT(2) 
PARAMETRIC_REPRESENTATION_CONTEXT() REPRESENTATION_CONTEXT('2D SPACE',''
  ) );
#1569 = PCURVE('',#580,#1570);
#1570 = DEFINITIONAL_REPRESENTATION('',(#1571),#1575);
#1571 = LINE('',#1572,#1573);
#1572 = CARTESIAN_POINT('',(0.,0.));
#1573 = VECTOR('',#1574,1.);
#1574 = DIRECTION('',(0.,-1.));
#1575 = ( GEOMETRIC_REPRESENTATION_CONTEXT(2) 
PARAMETRIC_REPRESENTATION_CONTEXT() REPRESENTATION_CONTEXT('2D SPACE',''
  ) );
#1576 = ORIENTED_EDGE('',*,*,#1577,.F.);
#1577 = EDGE_CURVE('',#1578,#1555,#1580,.T.);
#1578 = VERTEX_POINT('',#1579);
#1579 = CARTESIAN_POINT('',(42.75,-27.75,2.));
#1580 = SURFACE_CURVE('',#1581,(#1585,#1591),.PCURVE_S1.);
#1581 = LINE('',#1582,#1583);
#1582 = CARTESIAN_POINT('',(-21.375,-27.75,2.));
#1583 = VECTOR('',#1584,1.);
#1584 = DIRECTION('',(-1.,0.,0.));
#1585 = PCURVE('',#552,#1586);
#1586 = DEFINITIONAL_REPRESENTATION('',(#1587),#1590);
#1587 = B_SPLINE_CURVE_WITH_KNOTS('',1,(#1588,#1589),.UNSPECIFIED.,.F.,
  .F.,(2,2),(-64.125,21.375),.PIECEWISE_BEZIER_KNOTS.);
#1588 = CARTESIAN_POINT('',(85.5,-2.));
#1589 = CARTESIAN_POINT('',(0.,-2.));
#1590 = ( GEOMETRIC_REPRESENTATION_CONTEXT(2) 
PARAMETRIC_REPRESENTATION_CONTEXT() REPRESENTATION_CONTEXT('2D SPACE',''
  ) );
#1591 = PCURVE('',#1592,#1597);
#1592 = PLANE('',#1593);
#1593 = AXIS2_PLACEMENT_3D('',#1594,#1595,#1596);
#1594 = CARTESIAN_POINT('',(-2.658673518808E-15,-1.957935665202E-09,2.)
  );
#1595 = DIRECTION('',(0.,0.,1.));
#1596 = DIRECTION('',(1.,0.,0.));
#1597 = DEFINITIONAL_REPRESENTATION('',(#1598),#1601);
#1598 = B_SPLINE_CURVE_WITH_KNOTS('',1,(#1599,#1600),.UNSPECIFIED.,.F.,
  .F.,(2,2),(-64.125,21.375),.PIECEWISE_BEZIER_KNOTS.);
#1599 = CARTESIAN_POINT('',(42.75,-27.74999999804));
#1600 = CARTESIAN_POINT('',(-42.75,-27.74999999804));
#1601 = ( GEOMETRIC_REPRESENTATION_CONTEXT(2) 
PARAMETRIC_REPRESENTATION_CONTEXT() REPRESENTATION_CONTEXT('2D SPACE',''
  ) );
#1602 = ORIENTED_EDGE('',*,*,#1603,.F.);
#1603 = EDGE_CURVE('',#537,#1578,#1604,.T.);
#1604 = SURFACE_CURVE('',#1605,(#1609,#1616),.PCURVE_S1.);
#1605 = LINE('',#1606,#1607);
#1606 = CARTESIAN_POINT('',(42.75,-27.75,0.));
#1607 = VECTOR('',#1608,1.);
#1608 = DIRECTION('',(0.,0.,1.));
#1609 = PCURVE('',#552,#1610);
#1610 = DEFINITIONAL_REPRESENTATION('',(#1611),#1615);
#1611 = LINE('',#1612,#1613);
#1612 = CARTESIAN_POINT('',(85.5,0.));
#1613 = VECTOR('',#1614,1.);
#1614 = DIRECTION('',(0.,-1.));
#1615 = ( GEOMETRIC_REPRESENTATION_CONTEXT(2) 
PARAMETRIC_REPRESENTATION_CONTEXT() REPRESENTATION_CONTEXT('2D SPACE',''
  ) );
#1616 = PCURVE('',#634,#1617);
#1617 = DEFINITIONAL_REPRESENTATION('',(#1618),#1622);
#1618 = LINE('',#1619,#1620);
#1619 = CARTESIAN_POINT('',(0.,0.));
#1620 = VECTOR('',#1621,1.);
#1621 = DIRECTION('',(0.,-1.));
#1622 = ( GEOMETRIC_REPRESENTATION_CONTEXT(2) 
PARAMETRIC_REPRESENTATION_CONTEXT() REPRESENTATION_CONTEXT('2D SPACE',''
  ) );
#1623 = ADVANCED_FACE('',(#1624),#634,.T.);
#1624 = FACE_BOUND('',#1625,.T.);
#1625 = EDGE_LOOP('',(#1626,#1627,#1628,#1649));
#1626 = ORIENTED_EDGE('',*,*,#620,.F.);
#1627 = ORIENTED_EDGE('',*,*,#1603,.T.);
#1628 = ORIENTED_EDGE('',*,*,#1629,.F.);
#1629 = EDGE_CURVE('',#1630,#1578,#1632,.T.);
#1630 = VERTEX_POINT('',#1631);
#1631 = CARTESIAN_POINT('',(42.75,27.75,2.));
#1632 = SURFACE_CURVE('',#1633,(#1637,#1643),.PCURVE_S1.);
#1633 = LINE('',#1634,#1635);
#1634 = CARTESIAN_POINT('',(42.75,-13.87500000097,2.));
#1635 = VECTOR('',#1636,1.);
#1636 = DIRECTION('',(0.,-1.,0.));
#1637 = PCURVE('',#634,#1638);
#1638 = DEFINITIONAL_REPRESENTATION('',(#1639),#1642);
#1639 = B_SPLINE_CURVE_WITH_KNOTS('',1,(#1640,#1641),.UNSPECIFIED.,.F.,
  .F.,(2,2),(-41.62500000097,13.874999999021),.PIECEWISE_BEZIER_KNOTS.);
#1640 = CARTESIAN_POINT('',(55.5,-2.));
#1641 = CARTESIAN_POINT('',(0.,-2.));
#1642 = ( GEOMETRIC_REPRESENTATION_CONTEXT(2) 
PARAMETRIC_REPRESENTATION_CONTEXT() REPRESENTATION_CONTEXT('2D SPACE',''
  ) );
#1643 = PCURVE('',#1592,#1644);
#1644 = DEFINITIONAL_REPRESENTATION('',(#1645),#1648);
#1645 = B_SPLINE_CURVE_WITH_KNOTS('',1,(#1646,#1647),.UNSPECIFIED.,.F.,
  .F.,(2,2),(-41.62500000097,13.874999999021),.PIECEWISE_BEZIER_KNOTS.);
#1646 = CARTESIAN_POINT('',(42.75,27.750000001958));
#1647 = CARTESIAN_POINT('',(42.75,-27.74999999804));
#1648 = ( GEOMETRIC_REPRESENTATION_CONTEXT(2) 
PARAMETRIC_REPRESENTATION_CONTEXT() REPRESENTATION_CONTEXT('2D SPACE',''
  ) );
#1649 = ORIENTED_EDGE('',*,*,#1650,.F.);
#1650 = EDGE_CURVE('',#593,#1630,#1651,.T.);
#1651 = SURFACE_CURVE('',#1652,(#1656,#1663),.PCURVE_S1.);
#1652 = LINE('',#1653,#1654);
#1653 = CARTESIAN_POINT('',(42.75,27.75,0.));
#1654 = VECTOR('',#1655,1.);
#1655 = DIRECTION('',(0.,0.,1.));
#1656 = PCURVE('',#634,#1657);
#1657 = DEFINITIONAL_REPRESENTATION('',(#1658),#1662);
#1658 = LINE('',#1659,#1660);
#1659 = CARTESIAN_POINT('',(55.5,0.));
#1660 = VECTOR('',#1661,1.);
#1661 = DIRECTION('',(0.,-1.));
#1662 = ( GEOMETRIC_REPRESENTATION_CONTEXT(2) 
PARAMETRIC_REPRESENTATION_CONTEXT() REPRESENTATION_CONTEXT('2D SPACE',''
  ) );
#1663 = PCURVE('',#608,#1664);
#1664 = DEFINITIONAL_REPRESENTATION('',(#1665),#1669);
#1665 = LINE('',#1666,#1667);
#1666 = CARTESIAN_POINT('',(85.5,0.));
#1667 = VECTOR('',#1668,1.);
#1668 = DIRECTION('',(0.,-1.));
#1669 = ( GEOMETRIC_REPRESENTATION_CONTEXT(2) 
PARAMETRIC_REPRESENTATION_CONTEXT() REPRESENTATION_CONTEXT('2D SPACE',''
  ) );
#1670 = ADVANCED_FACE('',(#1671),#608,.F.);
#1671 = FACE_BOUND('',#1672,.F.);
#1672 = EDGE_LOOP('',(#1673,#1674,#1697,#1716));
#1673 = ORIENTED_EDGE('',*,*,#592,.F.);
#1674 = ORIENTED_EDGE('',*,*,#1675,.T.);
#1675 = EDGE_CURVE('',#565,#1676,#1678,.T.);
#1676 = VERTEX_POINT('',#1677);
#1677 = CARTESIAN_POINT('',(-42.75,27.75,2.));
#1678 = SURFACE_CURVE('',#1679,(#1683,#1690),.PCURVE_S1.);
#1679 = LINE('',#1680,#1681);
#1680 = CARTESIAN_POINT('',(-42.75,27.75,0.));
#1681 = VECTOR('',#1682,1.);
#1682 = DIRECTION('',(0.,0.,1.));
#1683 = PCURVE('',#608,#1684);
#1684 = DEFINITIONAL_REPRESENTATION('',(#1685),#1689);
#1685 = LINE('',#1686,#1687);
#1686 = CARTESIAN_POINT('',(0.,0.));
#1687 = VECTOR('',#1688,1.);
#1688 = DIRECTION('',(0.,-1.));
#1689 = ( GEOMETRIC_REPRESENTATION_CONTEXT(2) 
PARAMETRIC_REPRESENTATION_CONTEXT() REPRESENTATION_CONTEXT('2D SPACE',''
  ) );
#1690 = PCURVE('',#580,#1691);
#1691 = DEFINITIONAL_REPRESENTATION('',(#1692),#1696);
#1692 = LINE('',#1693,#1694);
#1693 = CARTESIAN_POINT('',(55.5,0.));
#1694 = VECTOR('',#1695,1.);
#1695 = DIRECTION('',(0.,-1.));
#1696 = ( GEOMETRIC_REPRESENTATION_CONTEXT(2) 
PARAMETRIC_REPRESENTATION_CONTEXT() REPRESENTATION_CONTEXT('2D SPACE',''
  ) );
#1697 = ORIENTED_EDGE('',*,*,#1698,.F.);
#1698 = EDGE_CURVE('',#1630,#1676,#1699,.T.);
#1699 = SURFACE_CURVE('',#1700,(#1704,#1710),.PCURVE_S1.);
#1700 = LINE('',#1701,#1702);
#1701 = CARTESIAN_POINT('',(-21.375,27.75,2.));
#1702 = VECTOR('',#1703,1.);
#1703 = DIRECTION('',(-1.,0.,0.));
#1704 = PCURVE('',#608,#1705);
#1705 = DEFINITIONAL_REPRESENTATION('',(#1706),#1709);
#1706 = B_SPLINE_CURVE_WITH_KNOTS('',1,(#1707,#1708),.UNSPECIFIED.,.F.,
  .F.,(2,2),(-64.125,21.375),.PIECEWISE_BEZIER_KNOTS.);
#1707 = CARTESIAN_POINT('',(85.5,-2.));
#1708 = CARTESIAN_POINT('',(0.,-2.));
#1709 = ( GEOMETRIC_REPRESENTATION_CONTEXT(2) 
PARAMETRIC_REPRESENTATION_CONTEXT() REPRESENTATION_CONTEXT('2D SPACE',''
  ) );
#1710 = PCURVE('',#1592,#1711);
#1711 = DEFINITIONAL_REPRESENTATION('',(#1712),#1715);
#1712 = B_SPLINE_CURVE_WITH_KNOTS('',1,(#1713,#1714),.UNSPECIFIED.,.F.,
  .F.,(2,2),(-64.125,21.375),.PIECEWISE_BEZIER_KNOTS.);
#1713 = CARTESIAN_POINT('',(42.75,27.750000001958));
#1714 = CARTESIAN_POINT('',(-42.75,27.750000001958));
#1715 = ( GEOMETRIC_REPRESENTATION_CONTEXT(2) 
PARAMETRIC_REPRESENTATION_CONTEXT() REPRESENTATION_CONTEXT('2D SPACE',''
  ) );
#1716 = ORIENTED_EDGE('',*,*,#1650,.F.);
#1717 = ADVANCED_FACE('',(#1718),#580,.F.);
#1718 = FACE_BOUND('',#1719,.F.);
#1719 = EDGE_LOOP('',(#1720,#1721,#1722,#1741));
#1720 = ORIENTED_EDGE('',*,*,#564,.F.);
#1721 = ORIENTED_EDGE('',*,*,#1554,.T.);
#1722 = ORIENTED_EDGE('',*,*,#1723,.F.);
#1723 = EDGE_CURVE('',#1676,#1555,#1724,.T.);
#1724 = SURFACE_CURVE('',#1725,(#1729,#1735),.PCURVE_S1.);
#1725 = LINE('',#1726,#1727);
#1726 = CARTESIAN_POINT('',(-42.75,-13.87500000097,2.));
#1727 = VECTOR('',#1728,1.);
#1728 = DIRECTION('',(0.,-1.,0.));
#1729 = PCURVE('',#580,#1730);
#1730 = DEFINITIONAL_REPRESENTATION('',(#1731),#1734);
#1731 = B_SPLINE_CURVE_WITH_KNOTS('',1,(#1732,#1733),.UNSPECIFIED.,.F.,
  .F.,(2,2),(-41.62500000097,13.874999999021),.PIECEWISE_BEZIER_KNOTS.);
#1732 = CARTESIAN_POINT('',(55.5,-2.));
#1733 = CARTESIAN_POINT('',(0.,-2.));
#1734 = ( GEOMETRIC_REPRESENTATION_CONTEXT(2) 
PARAMETRIC_REPRESENTATION_CONTEXT() REPRESENTATION_CONTEXT('2D SPACE',''
  ) );
#1735 = PCURVE('',#1592,#1736);
#1736 = DEFINITIONAL_REPRESENTATION('',(#1737),#1740);
#1737 = B_SPLINE_CURVE_WITH_KNOTS('',1,(#1738,#1739),.UNSPECIFIED.,.F.,
  .F.,(2,2),(-41.62500000097,13.874999999021),.PIECEWISE_BEZIER_KNOTS.);
#1738 = CARTESIAN_POINT('',(-42.75,27.750000001958));
#1739 = CARTESIAN_POINT('',(-42.75,-27.74999999804));
#1740 = ( GEOMETRIC_REPRESENTATION_CONTEXT(2) 
PARAMETRIC_REPRESENTATION_CONTEXT() REPRESENTATION_CONTEXT('2D SPACE',''
  ) );
#1741 = ORIENTED_EDGE('',*,*,#1675,.F.);
#1742 = ADVANCED_FACE('',(#1743,#1813),#821,.F.);
#1743 = FACE_BOUND('',#1744,.F.);
#1744 = EDGE_LOOP('',(#1745,#1770,#1791,#1792));
#1745 = ORIENTED_EDGE('',*,*,#1746,.F.);
#1746 = EDGE_CURVE('',#1747,#1749,#1751,.T.);
#1747 = VERTEX_POINT('',#1748);
#1748 = CARTESIAN_POINT('',(-59.,-35.,2.));
#1749 = VERTEX_POINT('',#1750);
#1750 = CARTESIAN_POINT('',(-59.,34.999999990856,2.));
#1751 = SURFACE_CURVE('',#1752,(#1756,#1763),.PCURVE_S1.);
#1752 = LINE('',#1753,#1754);
#1753 = CARTESIAN_POINT('',(-59.,1.278976924368E-12,2.));
#1754 = VECTOR('',#1755,1.);
#1755 = DIRECTION('',(0.,1.,0.));
#1756 = PCURVE('',#821,#1757);
#1757 = DEFINITIONAL_REPRESENTATION('',(#1758),#1762);
#1758 = LINE('',#1759,#1760);
#1759 = CARTESIAN_POINT('',(35.000000000003,0.));
#1760 = VECTOR('',#1761,1.);
#1761 = DIRECTION('',(1.,0.));
#1762 = ( GEOMETRIC_REPRESENTATION_CONTEXT(2) 
PARAMETRIC_REPRESENTATION_CONTEXT() REPRESENTATION_CONTEXT('2D SPACE',''
  ) );
#1763 = PCURVE('',#1592,#1764);
#1764 = DEFINITIONAL_REPRESENTATION('',(#1765),#1769);
#1765 = LINE('',#1766,#1767);
#1766 = CARTESIAN_POINT('',(-59.,1.959214642127E-09));
#1767 = VECTOR('',#1768,1.);
#1768 = DIRECTION('',(0.,1.));
#1769 = ( GEOMETRIC_REPRESENTATION_CONTEXT(2) 
PARAMETRIC_REPRESENTATION_CONTEXT() REPRESENTATION_CONTEXT('2D SPACE',''
  ) );
#1770 = ORIENTED_EDGE('',*,*,#1771,.T.);
#1771 = EDGE_CURVE('',#1747,#807,#1772,.T.);
#1772 = SURFACE_CURVE('',#1773,(#1777,#1784),.PCURVE_S1.);
#1773 = LINE('',#1774,#1775);
#1774 = CARTESIAN_POINT('',(-59.,-35.,2.));
#1775 = VECTOR('',#1776,1.);
#1776 = DIRECTION('',(0.,0.,1.));
#1777 = PCURVE('',#821,#1778);
#1778 = DEFINITIONAL_REPRESENTATION('',(#1779),#1783);
#1779 = LINE('',#1780,#1781);
#1780 = CARTESIAN_POINT('',(0.,0.));
#1781 = VECTOR('',#1782,1.);
#1782 = DIRECTION('',(0.,-1.));
#1783 = ( GEOMETRIC_REPRESENTATION_CONTEXT(2) 
PARAMETRIC_REPRESENTATION_CONTEXT() REPRESENTATION_CONTEXT('2D SPACE',''
  ) );
#1784 = PCURVE('',#1028,#1785);
#1785 = DEFINITIONAL_REPRESENTATION('',(#1786),#1790);
#1786 = LINE('',#1787,#1788);
#1787 = CARTESIAN_POINT('',(-3.14159265359,0.));
#1788 = VECTOR('',#1789,1.);
#1789 = DIRECTION('',(-0.,-1.));
#1790 = ( GEOMETRIC_REPRESENTATION_CONTEXT(2) 
PARAMETRIC_REPRESENTATION_CONTEXT() REPRESENTATION_CONTEXT('2D SPACE',''
  ) );
#1791 = ORIENTED_EDGE('',*,*,#804,.F.);
#1792 = ORIENTED_EDGE('',*,*,#1793,.F.);
#1793 = EDGE_CURVE('',#1749,#805,#1794,.T.);
#1794 = SURFACE_CURVE('',#1795,(#1799,#1806),.PCURVE_S1.);
#1795 = LINE('',#1796,#1797);
#1796 = CARTESIAN_POINT('',(-59.,34.999999990856,2.));
#1797 = VECTOR('',#1798,1.);
#1798 = DIRECTION('',(0.,0.,1.));
#1799 = PCURVE('',#821,#1800);
#1800 = DEFINITIONAL_REPRESENTATION('',(#1801),#1805);
#1801 = LINE('',#1802,#1803);
#1802 = CARTESIAN_POINT('',(69.999999990857,0.));
#1803 = VECTOR('',#1804,1.);
#1804 = DIRECTION('',(0.,-1.));
#1805 = ( GEOMETRIC_REPRESENTATION_CONTEXT(2) 
PARAMETRIC_REPRESENTATION_CONTEXT() REPRESENTATION_CONTEXT('2D SPACE',''
  ) );
#1806 = PCURVE('',#853,#1807);
#1807 = DEFINITIONAL_REPRESENTATION('',(#1808),#1812);
#1808 = LINE('',#1809,#1810);
#1809 = CARTESIAN_POINT('',(-3.14159265359,0.));
#1810 = VECTOR('',#1811,1.);
#1811 = DIRECTION('',(-0.,-1.));
#1812 = ( GEOMETRIC_REPRESENTATION_CONTEXT(2) 
PARAMETRIC_REPRESENTATION_CONTEXT() REPRESENTATION_CONTEXT('2D SPACE',''
  ) );
#1813 = FACE_BOUND('',#1814,.F.);
#1814 = EDGE_LOOP('',(#1815,#1816,#1817,#1818));
#1815 = ORIENTED_EDGE('',*,*,#1094,.F.);
#1816 = ORIENTED_EDGE('',*,*,#1235,.T.);
#1817 = ORIENTED_EDGE('',*,*,#1210,.T.);
#1818 = ORIENTED_EDGE('',*,*,#1141,.F.);
#1819 = ADVANCED_FACE('',(#1820),#1028,.F.);
#1820 = FACE_BOUND('',#1821,.T.);
#1821 = EDGE_LOOP('',(#1822,#1846,#1847,#1848));
#1822 = ORIENTED_EDGE('',*,*,#1823,.F.);
#1823 = EDGE_CURVE('',#1747,#1824,#1826,.T.);
#1824 = VERTEX_POINT('',#1825);
#1825 = CARTESIAN_POINT('',(-55.,-39.,2.));
#1826 = SURFACE_CURVE('',#1827,(#1832,#1839),.PCURVE_S1.);
#1827 = CIRCLE('',#1828,4.);
#1828 = AXIS2_PLACEMENT_3D('',#1829,#1830,#1831);
#1829 = CARTESIAN_POINT('',(-55.,-35.,2.));
#1830 = DIRECTION('',(0.,0.,1.));
#1831 = DIRECTION('',(1.,0.,0.));
#1832 = PCURVE('',#1028,#1833);
#1833 = DEFINITIONAL_REPRESENTATION('',(#1834),#1838);
#1834 = LINE('',#1835,#1836);
#1835 = CARTESIAN_POINT('',(-0.,0.));
#1836 = VECTOR('',#1837,1.);
#1837 = DIRECTION('',(-1.,0.));
#1838 = ( GEOMETRIC_REPRESENTATION_CONTEXT(2) 
PARAMETRIC_REPRESENTATION_CONTEXT() REPRESENTATION_CONTEXT('2D SPACE',''
  ) );
#1839 = PCURVE('',#1592,#1840);
#1840 = DEFINITIONAL_REPRESENTATION('',(#1841),#1845);
#1841 = CIRCLE('',#1842,4.);
#1842 = AXIS2_PLACEMENT_2D('',#1843,#1844);
#1843 = CARTESIAN_POINT('',(-55.,-34.99999999804));
#1844 = DIRECTION('',(1.,0.));
#1845 = ( GEOMETRIC_REPRESENTATION_CONTEXT(2) 
PARAMETRIC_REPRESENTATION_CONTEXT() REPRESENTATION_CONTEXT('2D SPACE',''
  ) );
#1846 = ORIENTED_EDGE('',*,*,#1771,.T.);
#1847 = ORIENTED_EDGE('',*,*,#1009,.F.);
#1848 = ORIENTED_EDGE('',*,*,#1849,.F.);
#1849 = EDGE_CURVE('',#1824,#984,#1850,.T.);
#1850 = SURFACE_CURVE('',#1851,(#1855,#1862),.PCURVE_S1.);
#1851 = LINE('',#1852,#1853);
#1852 = CARTESIAN_POINT('',(-55.,-39.,2.));
#1853 = VECTOR('',#1854,1.);
#1854 = DIRECTION('',(0.,0.,1.));
#1855 = PCURVE('',#1028,#1856);
#1856 = DEFINITIONAL_REPRESENTATION('',(#1857),#1861);
#1857 = LINE('',#1858,#1859);
#1858 = CARTESIAN_POINT('',(-4.712388980385,0.));
#1859 = VECTOR('',#1860,1.);
#1860 = DIRECTION('',(-0.,-1.));
#1861 = ( GEOMETRIC_REPRESENTATION_CONTEXT(2) 
PARAMETRIC_REPRESENTATION_CONTEXT() REPRESENTATION_CONTEXT('2D SPACE',''
  ) );
#1862 = PCURVE('',#998,#1863);
#1863 = DEFINITIONAL_REPRESENTATION('',(#1864),#1868);
#1864 = LINE('',#1865,#1866);
#1865 = CARTESIAN_POINT('',(0.,0.));
#1866 = VECTOR('',#1867,1.);
#1867 = DIRECTION('',(0.,-1.));
#1868 = ( GEOMETRIC_REPRESENTATION_CONTEXT(2) 
PARAMETRIC_REPRESENTATION_CONTEXT() REPRESENTATION_CONTEXT('2D SPACE',''
  ) );
#1869 = ADVANCED_FACE('',(#1870),#998,.T.);
#1870 = FACE_BOUND('',#1871,.T.);
#1871 = EDGE_LOOP('',(#1872,#1895,#1896,#1897));
#1872 = ORIENTED_EDGE('',*,*,#1873,.F.);
#1873 = EDGE_CURVE('',#1824,#1874,#1876,.T.);
#1874 = VERTEX_POINT('',#1875);
#1875 = CARTESIAN_POINT('',(55.,-39.,2.));
#1876 = SURFACE_CURVE('',#1877,(#1881,#1888),.PCURVE_S1.);
#1877 = LINE('',#1878,#1879);
#1878 = CARTESIAN_POINT('',(0.,-38.99999999999,2.));
#1879 = VECTOR('',#1880,1.);
#1880 = DIRECTION('',(1.,0.,0.));
#1881 = PCURVE('',#998,#1882);
#1882 = DEFINITIONAL_REPRESENTATION('',(#1883),#1887);
#1883 = LINE('',#1884,#1885);
#1884 = CARTESIAN_POINT('',(55.,0.));
#1885 = VECTOR('',#1886,1.);
#1886 = DIRECTION('',(1.,0.));
#1887 = ( GEOMETRIC_REPRESENTATION_CONTEXT(2) 
PARAMETRIC_REPRESENTATION_CONTEXT() REPRESENTATION_CONTEXT('2D SPACE',''
  ) );
#1888 = PCURVE('',#1592,#1889);
#1889 = DEFINITIONAL_REPRESENTATION('',(#1890),#1894);
#1890 = LINE('',#1891,#1892);
#1891 = CARTESIAN_POINT('',(2.658673518808E-15,-38.99999999804));
#1892 = VECTOR('',#1893,1.);
#1893 = DIRECTION('',(1.,0.));
#1894 = ( GEOMETRIC_REPRESENTATION_CONTEXT(2) 
PARAMETRIC_REPRESENTATION_CONTEXT() REPRESENTATION_CONTEXT('2D SPACE',''
  ) );
#1895 = ORIENTED_EDGE('',*,*,#1849,.T.);
#1896 = ORIENTED_EDGE('',*,*,#983,.F.);
#1897 = ORIENTED_EDGE('',*,*,#1898,.F.);
#1898 = EDGE_CURVE('',#1874,#951,#1899,.T.);
#1899 = SURFACE_CURVE('',#1900,(#1904,#1911),.PCURVE_S1.);
#1900 = LINE('',#1901,#1902);
#1901 = CARTESIAN_POINT('',(55.,-39.,2.));
#1902 = VECTOR('',#1903,1.);
#1903 = DIRECTION('',(0.,0.,1.));
#1904 = PCURVE('',#998,#1905);
#1905 = DEFINITIONAL_REPRESENTATION('',(#1906),#1910);
#1906 = LINE('',#1907,#1908);
#1907 = CARTESIAN_POINT('',(110.,0.));
#1908 = VECTOR('',#1909,1.);
#1909 = DIRECTION('',(0.,-1.));
#1910 = ( GEOMETRIC_REPRESENTATION_CONTEXT(2) 
PARAMETRIC_REPRESENTATION_CONTEXT() REPRESENTATION_CONTEXT('2D SPACE',''
  ) );
#1911 = PCURVE('',#971,#1912);
#1912 = DEFINITIONAL_REPRESENTATION('',(#1913),#1917);
#1913 = LINE('',#1914,#1915);
#1914 = CARTESIAN_POINT('',(-4.712388980385,0.));
#1915 = VECTOR('',#1916,1.);
#1916 = DIRECTION('',(-0.,-1.));
#1917 = ( GEOMETRIC_REPRESENTATION_CONTEXT(2) 
PARAMETRIC_REPRESENTATION_CONTEXT() REPRESENTATION_CONTEXT('2D SPACE',''
  ) );
#1918 = ADVANCED_FACE('',(#1919),#971,.F.);
#1919 = FACE_BOUND('',#1920,.T.);
#1920 = EDGE_LOOP('',(#1921,#1945,#1946,#1947));
#1921 = ORIENTED_EDGE('',*,*,#1922,.F.);
#1922 = EDGE_CURVE('',#1874,#1923,#1925,.T.);
#1923 = VERTEX_POINT('',#1924);
#1924 = CARTESIAN_POINT('',(59.,-35.,2.));
#1925 = SURFACE_CURVE('',#1926,(#1931,#1938),.PCURVE_S1.);
#1926 = CIRCLE('',#1927,4.);
#1927 = AXIS2_PLACEMENT_3D('',#1928,#1929,#1930);
#1928 = CARTESIAN_POINT('',(55.,-35.,2.));
#1929 = DIRECTION('',(0.,0.,1.));
#1930 = DIRECTION('',(1.,0.,0.));
#1931 = PCURVE('',#971,#1932);
#1932 = DEFINITIONAL_REPRESENTATION('',(#1933),#1937);
#1933 = LINE('',#1934,#1935);
#1934 = CARTESIAN_POINT('',(-0.,0.));
#1935 = VECTOR('',#1936,1.);
#1936 = DIRECTION('',(-1.,0.));
#1937 = ( GEOMETRIC_REPRESENTATION_CONTEXT(2) 
PARAMETRIC_REPRESENTATION_CONTEXT() REPRESENTATION_CONTEXT('2D SPACE',''
  ) );
#1938 = PCURVE('',#1592,#1939);
#1939 = DEFINITIONAL_REPRESENTATION('',(#1940),#1944);
#1940 = CIRCLE('',#1941,4.);
#1941 = AXIS2_PLACEMENT_2D('',#1942,#1943);
#1942 = CARTESIAN_POINT('',(55.,-34.99999999804));
#1943 = DIRECTION('',(1.,0.));
#1944 = ( GEOMETRIC_REPRESENTATION_CONTEXT(2) 
PARAMETRIC_REPRESENTATION_CONTEXT() REPRESENTATION_CONTEXT('2D SPACE',''
  ) );
#1945 = ORIENTED_EDGE('',*,*,#1898,.T.);
#1946 = ORIENTED_EDGE('',*,*,#950,.F.);
#1947 = ORIENTED_EDGE('',*,*,#1948,.F.);
#1948 = EDGE_CURVE('',#1923,#925,#1949,.T.);
#1949 = SURFACE_CURVE('',#1950,(#1954,#1961),.PCURVE_S1.);
#1950 = LINE('',#1951,#1952);
#1951 = CARTESIAN_POINT('',(59.,-35.,2.));
#1952 = VECTOR('',#1953,1.);
#1953 = DIRECTION('',(0.,0.,1.));
#1954 = PCURVE('',#971,#1955);
#1955 = DEFINITIONAL_REPRESENTATION('',(#1956),#1960);
#1956 = LINE('',#1957,#1958);
#1957 = CARTESIAN_POINT('',(-6.28318530718,0.));
#1958 = VECTOR('',#1959,1.);
#1959 = DIRECTION('',(-0.,-1.));
#1960 = ( GEOMETRIC_REPRESENTATION_CONTEXT(2) 
PARAMETRIC_REPRESENTATION_CONTEXT() REPRESENTATION_CONTEXT('2D SPACE',''
  ) );
#1961 = PCURVE('',#939,#1962);
#1962 = DEFINITIONAL_REPRESENTATION('',(#1963),#1967);
#1963 = LINE('',#1964,#1965);
#1964 = CARTESIAN_POINT('',(0.,0.));
#1965 = VECTOR('',#1966,1.);
#1966 = DIRECTION('',(0.,-1.));
#1967 = ( GEOMETRIC_REPRESENTATION_CONTEXT(2) 
PARAMETRIC_REPRESENTATION_CONTEXT() REPRESENTATION_CONTEXT('2D SPACE',''
  ) );
#1968 = ADVANCED_FACE('',(#1969),#939,.T.);
#1969 = FACE_BOUND('',#1970,.T.);
#1970 = EDGE_LOOP('',(#1971,#1994,#1995,#1996,#2019,#2040,#2061,#2082));
#1971 = ORIENTED_EDGE('',*,*,#1972,.F.);
#1972 = EDGE_CURVE('',#1923,#1973,#1975,.T.);
#1973 = VERTEX_POINT('',#1974);
#1974 = CARTESIAN_POINT('',(59.,34.999999990856,2.));
#1975 = SURFACE_CURVE('',#1976,(#1980,#1987),.PCURVE_S1.);
#1976 = LINE('',#1977,#1978);
#1977 = CARTESIAN_POINT('',(59.,1.278976924368E-12,2.));
#1978 = VECTOR('',#1979,1.);
#1979 = DIRECTION('',(0.,1.,0.));
#1980 = PCURVE('',#939,#1981);
#1981 = DEFINITIONAL_REPRESENTATION('',(#1982),#1986);
#1982 = LINE('',#1983,#1984);
#1983 = CARTESIAN_POINT('',(35.000000000003,0.));
#1984 = VECTOR('',#1985,1.);
#1985 = DIRECTION('',(1.,0.));
#1986 = ( GEOMETRIC_REPRESENTATION_CONTEXT(2) 
PARAMETRIC_REPRESENTATION_CONTEXT() REPRESENTATION_CONTEXT('2D SPACE',''
  ) );
#1987 = PCURVE('',#1592,#1988);
#1988 = DEFINITIONAL_REPRESENTATION('',(#1989),#1993);
#1989 = LINE('',#1990,#1991);
#1990 = CARTESIAN_POINT('',(59.,1.959214642127E-09));
#1991 = VECTOR('',#1992,1.);
#1992 = DIRECTION('',(0.,1.));
#1993 = ( GEOMETRIC_REPRESENTATION_CONTEXT(2) 
PARAMETRIC_REPRESENTATION_CONTEXT() REPRESENTATION_CONTEXT('2D SPACE',''
  ) );
#1994 = ORIENTED_EDGE('',*,*,#1948,.T.);
#1995 = ORIENTED_EDGE('',*,*,#924,.F.);
#1996 = ORIENTED_EDGE('',*,*,#1997,.F.);
#1997 = EDGE_CURVE('',#1998,#892,#2000,.T.);
#1998 = VERTEX_POINT('',#1999);
#1999 = CARTESIAN_POINT('',(59.,34.999999990856,10.5));
#2000 = SURFACE_CURVE('',#2001,(#2005,#2012),.PCURVE_S1.);
#2001 = LINE('',#2002,#2003);
#2002 = CARTESIAN_POINT('',(59.,34.999999990856,2.));
#2003 = VECTOR('',#2004,1.);
#2004 = DIRECTION('',(0.,0.,1.));
#2005 = PCURVE('',#939,#2006);
#2006 = DEFINITIONAL_REPRESENTATION('',(#2007),#2011);
#2007 = LINE('',#2008,#2009);
#2008 = CARTESIAN_POINT('',(69.999999990857,0.));
#2009 = VECTOR('',#2010,1.);
#2010 = DIRECTION('',(0.,-1.));
#2011 = ( GEOMETRIC_REPRESENTATION_CONTEXT(2) 
PARAMETRIC_REPRESENTATION_CONTEXT() REPRESENTATION_CONTEXT('2D SPACE',''
  ) );
#2012 = PCURVE('',#912,#2013);
#2013 = DEFINITIONAL_REPRESENTATION('',(#2014),#2018);
#2014 = LINE('',#2015,#2016);
#2015 = CARTESIAN_POINT('',(-0.,0.));
#2016 = VECTOR('',#2017,1.);
#2017 = DIRECTION('',(-0.,-1.));
#2018 = ( GEOMETRIC_REPRESENTATION_CONTEXT(2) 
PARAMETRIC_REPRESENTATION_CONTEXT() REPRESENTATION_CONTEXT('2D SPACE',''
  ) );
#2019 = ORIENTED_EDGE('',*,*,#2020,.T.);
#2020 = EDGE_CURVE('',#1998,#2021,#2023,.T.);
#2021 = VERTEX_POINT('',#2022);
#2022 = CARTESIAN_POINT('',(59.,31.25,10.5));
#2023 = SURFACE_CURVE('',#2024,(#2028,#2034),.PCURVE_S1.);
#2024 = LINE('',#2025,#2026);
#2025 = CARTESIAN_POINT('',(59.,-1.875000000001,10.5));
#2026 = VECTOR('',#2027,1.);
#2027 = DIRECTION('',(-0.,-1.,-0.));
#2028 = PCURVE('',#939,#2029);
#2029 = DEFINITIONAL_REPRESENTATION('',(#2030),#2033);
#2030 = B_SPLINE_CURVE_WITH_KNOTS('',1,(#2031,#2032),.UNSPECIFIED.,.F.,
  .F.,(2,2),(-36.87499999085,-33.125),.PIECEWISE_BEZIER_KNOTS.);
#2031 = CARTESIAN_POINT('',(69.999999990857,-8.5));
#2032 = CARTESIAN_POINT('',(66.250000000001,-8.5));
#2033 = ( GEOMETRIC_REPRESENTATION_CONTEXT(2) 
PARAMETRIC_REPRESENTATION_CONTEXT() REPRESENTATION_CONTEXT('2D SPACE',''
  ) );
#2034 = PCURVE('',#1382,#2035);
#2035 = DEFINITIONAL_REPRESENTATION('',(#2036),#2039);
#2036 = B_SPLINE_CURVE_WITH_KNOTS('',1,(#2037,#2038),.UNSPECIFIED.,.F.,
  .F.,(2,2),(-36.87499999085,-33.125),.PIECEWISE_BEZIER_KNOTS.);
#2037 = CARTESIAN_POINT('',(3.749999990856,-2.));
#2038 = CARTESIAN_POINT('',(0.,-2.));
#2039 = ( GEOMETRIC_REPRESENTATION_CONTEXT(2) 
PARAMETRIC_REPRESENTATION_CONTEXT() REPRESENTATION_CONTEXT('2D SPACE',''
  ) );
#2040 = ORIENTED_EDGE('',*,*,#2041,.T.);
#2041 = EDGE_CURVE('',#2021,#2042,#2044,.T.);
#2042 = VERTEX_POINT('',#2043);
#2043 = CARTESIAN_POINT('',(59.,31.25,4.5));
#2044 = SURFACE_CURVE('',#2045,(#2049,#2055),.PCURVE_S1.);
#2045 = LINE('',#2046,#2047);
#2046 = CARTESIAN_POINT('',(59.,31.25,3.25));
#2047 = VECTOR('',#2048,1.);
#2048 = DIRECTION('',(0.,0.,-1.));
#2049 = PCURVE('',#939,#2050);
#2050 = DEFINITIONAL_REPRESENTATION('',(#2051),#2054);
#2051 = B_SPLINE_CURVE_WITH_KNOTS('',1,(#2052,#2053),.UNSPECIFIED.,.F.,
  .F.,(2,2),(-7.25,-1.25),.PIECEWISE_BEZIER_KNOTS.);
#2052 = CARTESIAN_POINT('',(66.250000000001,-8.5));
#2053 = CARTESIAN_POINT('',(66.250000000001,-2.5));
#2054 = ( GEOMETRIC_REPRESENTATION_CONTEXT(2) 
PARAMETRIC_REPRESENTATION_CONTEXT() REPRESENTATION_CONTEXT('2D SPACE',''
  ) );
#2055 = PCURVE('',#1516,#2056);
#2056 = DEFINITIONAL_REPRESENTATION('',(#2057),#2060);
#2057 = B_SPLINE_CURVE_WITH_KNOTS('',1,(#2058,#2059),.UNSPECIFIED.,.F.,
  .F.,(2,2),(-7.25,-1.25),.PIECEWISE_BEZIER_KNOTS.);
#2058 = CARTESIAN_POINT('',(6.,-2.));
#2059 = CARTESIAN_POINT('',(0.,-2.));
#2060 = ( GEOMETRIC_REPRESENTATION_CONTEXT(2) 
PARAMETRIC_REPRESENTATION_CONTEXT() REPRESENTATION_CONTEXT('2D SPACE',''
  ) );
#2061 = ORIENTED_EDGE('',*,*,#2062,.F.);
#2062 = EDGE_CURVE('',#2063,#2042,#2065,.T.);
#2063 = VERTEX_POINT('',#2064);
#2064 = CARTESIAN_POINT('',(59.,34.999999990856,4.5));
#2065 = SURFACE_CURVE('',#2066,(#2070,#2076),.PCURVE_S1.);
#2066 = LINE('',#2067,#2068);
#2067 = CARTESIAN_POINT('',(59.,-1.875000000001,4.5));
#2068 = VECTOR('',#2069,1.);
#2069 = DIRECTION('',(-0.,-1.,-0.));
#2070 = PCURVE('',#939,#2071);
#2071 = DEFINITIONAL_REPRESENTATION('',(#2072),#2075);
#2072 = B_SPLINE_CURVE_WITH_KNOTS('',1,(#2073,#2074),.UNSPECIFIED.,.F.,
  .F.,(2,2),(-36.87499999085,-33.125),.PIECEWISE_BEZIER_KNOTS.);
#2073 = CARTESIAN_POINT('',(69.999999990857,-2.5));
#2074 = CARTESIAN_POINT('',(66.250000000001,-2.5));
#2075 = ( GEOMETRIC_REPRESENTATION_CONTEXT(2) 
PARAMETRIC_REPRESENTATION_CONTEXT() REPRESENTATION_CONTEXT('2D SPACE',''
  ) );
#2076 = PCURVE('',#1437,#2077);
#2077 = DEFINITIONAL_REPRESENTATION('',(#2078),#2081);
#2078 = B_SPLINE_CURVE_WITH_KNOTS('',1,(#2079,#2080),.UNSPECIFIED.,.F.,
  .F.,(2,2),(-36.87499999085,-33.125),.PIECEWISE_BEZIER_KNOTS.);
#2079 = CARTESIAN_POINT('',(3.749999990856,-2.));
#2080 = CARTESIAN_POINT('',(0.,-2.));
#2081 = ( GEOMETRIC_REPRESENTATION_CONTEXT(2) 
PARAMETRIC_REPRESENTATION_CONTEXT() REPRESENTATION_CONTEXT('2D SPACE',''
  ) );
#2082 = ORIENTED_EDGE('',*,*,#2083,.F.);
#2083 = EDGE_CURVE('',#1973,#2063,#2084,.T.);
#2084 = SURFACE_CURVE('',#2085,(#2089,#2096),.PCURVE_S1.);
#2085 = LINE('',#2086,#2087);
#2086 = CARTESIAN_POINT('',(59.,34.999999990856,2.));
#2087 = VECTOR('',#2088,1.);
#2088 = DIRECTION('',(0.,0.,1.));
#2089 = PCURVE('',#939,#2090);
#2090 = DEFINITIONAL_REPRESENTATION('',(#2091),#2095);
#2091 = LINE('',#2092,#2093);
#2092 = CARTESIAN_POINT('',(69.999999990857,0.));
#2093 = VECTOR('',#2094,1.);
#2094 = DIRECTION('',(0.,-1.));
#2095 = ( GEOMETRIC_REPRESENTATION_CONTEXT(2) 
PARAMETRIC_REPRESENTATION_CONTEXT() REPRESENTATION_CONTEXT('2D SPACE',''
  ) );
#2096 = PCURVE('',#912,#2097);
#2097 = DEFINITIONAL_REPRESENTATION('',(#2098),#2102);
#2098 = LINE('',#2099,#2100);
#2099 = CARTESIAN_POINT('',(-0.,0.));
#2100 = VECTOR('',#2101,1.);
#2101 = DIRECTION('',(-0.,-1.));
#2102 = ( GEOMETRIC_REPRESENTATION_CONTEXT(2) 
PARAMETRIC_REPRESENTATION_CONTEXT() REPRESENTATION_CONTEXT('2D SPACE',''
  ) );
#2103 = ADVANCED_FACE('',(#2104),#912,.F.);
#2104 = FACE_BOUND('',#2105,.T.);
#2105 = EDGE_LOOP('',(#2106,#2130,#2131,#2155,#2181,#2203,#2204,#2205));
#2106 = ORIENTED_EDGE('',*,*,#2107,.F.);
#2107 = EDGE_CURVE('',#1973,#2108,#2110,.T.);
#2108 = VERTEX_POINT('',#2109);
#2109 = CARTESIAN_POINT('',(55.,38.999999995429,2.));
#2110 = SURFACE_CURVE('',#2111,(#2116,#2123),.PCURVE_S1.);
#2111 = CIRCLE('',#2112,4.);
#2112 = AXIS2_PLACEMENT_3D('',#2113,#2114,#2115);
#2113 = CARTESIAN_POINT('',(55.,34.999999990856,2.));
#2114 = DIRECTION('',(0.,0.,1.));
#2115 = DIRECTION('',(1.,0.,0.));
#2116 = PCURVE('',#912,#2117);
#2117 = DEFINITIONAL_REPRESENTATION('',(#2118),#2122);
#2118 = LINE('',#2119,#2120);
#2119 = CARTESIAN_POINT('',(-0.,0.));
#2120 = VECTOR('',#2121,1.);
#2121 = DIRECTION('',(-1.,0.));
#2122 = ( GEOMETRIC_REPRESENTATION_CONTEXT(2) 
PARAMETRIC_REPRESENTATION_CONTEXT() REPRESENTATION_CONTEXT('2D SPACE',''
  ) );
#2123 = PCURVE('',#1592,#2124);
#2124 = DEFINITIONAL_REPRESENTATION('',(#2125),#2129);
#2125 = CIRCLE('',#2126,4.);
#2126 = AXIS2_PLACEMENT_2D('',#2127,#2128);
#2127 = CARTESIAN_POINT('',(55.,34.999999992814));
#2128 = DIRECTION('',(1.,0.));
#2129 = ( GEOMETRIC_REPRESENTATION_CONTEXT(2) 
PARAMETRIC_REPRESENTATION_CONTEXT() REPRESENTATION_CONTEXT('2D SPACE',''
  ) );
#2130 = ORIENTED_EDGE('',*,*,#2083,.T.);
#2131 = ORIENTED_EDGE('',*,*,#2132,.F.);
#2132 = EDGE_CURVE('',#2133,#2063,#2135,.T.);
#2133 = VERTEX_POINT('',#2134);
#2134 = CARTESIAN_POINT('',(58.,37.64575130192,4.5));
#2135 = SURFACE_CURVE('',#2136,(#2141,#2148),.PCURVE_S1.);
#2136 = CIRCLE('',#2137,4.);
#2137 = AXIS2_PLACEMENT_3D('',#2138,#2139,#2140);
#2138 = CARTESIAN_POINT('',(55.,34.999999990856,4.5));
#2139 = DIRECTION('',(0.,0.,-1.));
#2140 = DIRECTION('',(1.,0.,0.));
#2141 = PCURVE('',#912,#2142);
#2142 = DEFINITIONAL_REPRESENTATION('',(#2143),#2147);
#2143 = LINE('',#2144,#2145);
#2144 = CARTESIAN_POINT('',(-6.28318530718,-2.5));
#2145 = VECTOR('',#2146,1.);
#2146 = DIRECTION('',(1.,-0.));
#2147 = ( GEOMETRIC_REPRESENTATION_CONTEXT(2) 
PARAMETRIC_REPRESENTATION_CONTEXT() REPRESENTATION_CONTEXT('2D SPACE',''
  ) );
#2148 = PCURVE('',#1437,#2149);
#2149 = DEFINITIONAL_REPRESENTATION('',(#2150),#2154);
#2150 = CIRCLE('',#2151,4.);
#2151 = AXIS2_PLACEMENT_2D('',#2152,#2153);
#2152 = CARTESIAN_POINT('',(3.749999990856,-6.));
#2153 = DIRECTION('',(0.,1.));
#2154 = ( GEOMETRIC_REPRESENTATION_CONTEXT(2) 
PARAMETRIC_REPRESENTATION_CONTEXT() REPRESENTATION_CONTEXT('2D SPACE',''
  ) );
#2155 = ORIENTED_EDGE('',*,*,#2156,.F.);
#2156 = EDGE_CURVE('',#2157,#2133,#2159,.T.);
#2157 = VERTEX_POINT('',#2158);
#2158 = CARTESIAN_POINT('',(58.,37.64575130192,10.5));
#2159 = SURFACE_CURVE('',#2160,(#2164,#2170),.PCURVE_S1.);
#2160 = LINE('',#2161,#2162);
#2161 = CARTESIAN_POINT('',(58.,37.645751301921,2.));
#2162 = VECTOR('',#2163,1.);
#2163 = DIRECTION('',(-0.,-0.,-1.));
#2164 = PCURVE('',#912,#2165);
#2165 = DEFINITIONAL_REPRESENTATION('',(#2166),#2169);
#2166 = B_SPLINE_CURVE_WITH_KNOTS('',1,(#2167,#2168),.UNSPECIFIED.,.F.,
  .F.,(2,2),(-9.1,-1.9),.PIECEWISE_BEZIER_KNOTS.);
#2167 = CARTESIAN_POINT('',(-0.722734247813,-9.1));
#2168 = CARTESIAN_POINT('',(-0.722734247813,-1.9));
#2169 = ( GEOMETRIC_REPRESENTATION_CONTEXT(2) 
PARAMETRIC_REPRESENTATION_CONTEXT() REPRESENTATION_CONTEXT('2D SPACE',''
  ) );
#2170 = PCURVE('',#2171,#2176);
#2171 = PLANE('',#2172);
#2172 = AXIS2_PLACEMENT_3D('',#2173,#2174,#2175);
#2173 = CARTESIAN_POINT('',(58.,34.5,7.5));
#2174 = DIRECTION('',(1.,0.,0.));
#2175 = DIRECTION('',(0.,1.,0.));
#2176 = DEFINITIONAL_REPRESENTATION('',(#2177),#2180);
#2177 = B_SPLINE_CURVE_WITH_KNOTS('',1,(#2178,#2179),.UNSPECIFIED.,.F.,
  .F.,(2,2),(-9.1,-1.9),.PIECEWISE_BEZIER_KNOTS.);
#2178 = CARTESIAN_POINT('',(3.145751301921,3.6));
#2179 = CARTESIAN_POINT('',(3.145751301921,-3.6));
#2180 = ( GEOMETRIC_REPRESENTATION_CONTEXT(2) 
PARAMETRIC_REPRESENTATION_CONTEXT() REPRESENTATION_CONTEXT('2D SPACE',''
  ) );
#2181 = ORIENTED_EDGE('',*,*,#2182,.T.);
#2182 = EDGE_CURVE('',#2157,#1998,#2183,.T.);
#2183 = SURFACE_CURVE('',#2184,(#2189,#2196),.PCURVE_S1.);
#2184 = CIRCLE('',#2185,4.);
#2185 = AXIS2_PLACEMENT_3D('',#2186,#2187,#2188);
#2186 = CARTESIAN_POINT('',(55.,34.999999990856,10.5));
#2187 = DIRECTION('',(0.,0.,-1.));
#2188 = DIRECTION('',(1.,0.,0.));
#2189 = PCURVE('',#912,#2190);
#2190 = DEFINITIONAL_REPRESENTATION('',(#2191),#2195);
#2191 = LINE('',#2192,#2193);
#2192 = CARTESIAN_POINT('',(-6.28318530718,-8.5));
#2193 = VECTOR('',#2194,1.);
#2194 = DIRECTION('',(1.,-0.));
#2195 = ( GEOMETRIC_REPRESENTATION_CONTEXT(2) 
PARAMETRIC_REPRESENTATION_CONTEXT() REPRESENTATION_CONTEXT('2D SPACE',''
  ) );
#2196 = PCURVE('',#1382,#2197);
#2197 = DEFINITIONAL_REPRESENTATION('',(#2198),#2202);
#2198 = CIRCLE('',#2199,4.);
#2199 = AXIS2_PLACEMENT_2D('',#2200,#2201);
#2200 = CARTESIAN_POINT('',(3.749999990856,-6.));
#2201 = DIRECTION('',(0.,1.));
#2202 = ( GEOMETRIC_REPRESENTATION_CONTEXT(2) 
PARAMETRIC_REPRESENTATION_CONTEXT() REPRESENTATION_CONTEXT('2D SPACE',''
  ) );
#2203 = ORIENTED_EDGE('',*,*,#1997,.T.);
#2204 = ORIENTED_EDGE('',*,*,#891,.F.);
#2205 = ORIENTED_EDGE('',*,*,#2206,.F.);
#2206 = EDGE_CURVE('',#2108,#866,#2207,.T.);
#2207 = SURFACE_CURVE('',#2208,(#2212,#2219),.PCURVE_S1.);
#2208 = LINE('',#2209,#2210);
#2209 = CARTESIAN_POINT('',(55.,38.999999995429,2.));
#2210 = VECTOR('',#2211,1.);
#2211 = DIRECTION('',(0.,0.,1.));
#2212 = PCURVE('',#912,#2213);
#2213 = DEFINITIONAL_REPRESENTATION('',(#2214),#2218);
#2214 = LINE('',#2215,#2216);
#2215 = CARTESIAN_POINT('',(-1.570796326795,0.));
#2216 = VECTOR('',#2217,1.);
#2217 = DIRECTION('',(-0.,-1.));
#2218 = ( GEOMETRIC_REPRESENTATION_CONTEXT(2) 
PARAMETRIC_REPRESENTATION_CONTEXT() REPRESENTATION_CONTEXT('2D SPACE',''
  ) );
#2219 = PCURVE('',#880,#2220);
#2220 = DEFINITIONAL_REPRESENTATION('',(#2221),#2225);
#2221 = LINE('',#2222,#2223);
#2222 = CARTESIAN_POINT('',(110.,0.));
#2223 = VECTOR('',#2224,1.);
#2224 = DIRECTION('',(0.,-1.));
#2225 = ( GEOMETRIC_REPRESENTATION_CONTEXT(2) 
PARAMETRIC_REPRESENTATION_CONTEXT() REPRESENTATION_CONTEXT('2D SPACE',''
  ) );
#2226 = ADVANCED_FACE('',(#2227),#880,.F.);
#2227 = FACE_BOUND('',#2228,.F.);
#2228 = EDGE_LOOP('',(#2229,#2252,#2273,#2274));
#2229 = ORIENTED_EDGE('',*,*,#2230,.F.);
#2230 = EDGE_CURVE('',#2231,#2108,#2233,.T.);
#2231 = VERTEX_POINT('',#2232);
#2232 = CARTESIAN_POINT('',(-55.,38.999999995429,2.));
#2233 = SURFACE_CURVE('',#2234,(#2238,#2245),.PCURVE_S1.);
#2234 = LINE('',#2235,#2236);
#2235 = CARTESIAN_POINT('',(0.,39.000000000001,2.));
#2236 = VECTOR('',#2237,1.);
#2237 = DIRECTION('',(1.,0.,0.));
#2238 = PCURVE('',#880,#2239);
#2239 = DEFINITIONAL_REPRESENTATION('',(#2240),#2244);
#2240 = LINE('',#2241,#2242);
#2241 = CARTESIAN_POINT('',(55.,0.));
#2242 = VECTOR('',#2243,1.);
#2243 = DIRECTION('',(1.,0.));
#2244 = ( GEOMETRIC_REPRESENTATION_CONTEXT(2) 
PARAMETRIC_REPRESENTATION_CONTEXT() REPRESENTATION_CONTEXT('2D SPACE',''
  ) );
#2245 = PCURVE('',#1592,#2246);
#2246 = DEFINITIONAL_REPRESENTATION('',(#2247),#2251);
#2247 = LINE('',#2248,#2249);
#2248 = CARTESIAN_POINT('',(2.658673518808E-15,39.000000001959));
#2249 = VECTOR('',#2250,1.);
#2250 = DIRECTION('',(1.,0.));
#2251 = ( GEOMETRIC_REPRESENTATION_CONTEXT(2) 
PARAMETRIC_REPRESENTATION_CONTEXT() REPRESENTATION_CONTEXT('2D SPACE',''
  ) );
#2252 = ORIENTED_EDGE('',*,*,#2253,.T.);
#2253 = EDGE_CURVE('',#2231,#833,#2254,.T.);
#2254 = SURFACE_CURVE('',#2255,(#2259,#2266),.PCURVE_S1.);
#2255 = LINE('',#2256,#2257);
#2256 = CARTESIAN_POINT('',(-55.,38.999999995429,2.));
#2257 = VECTOR('',#2258,1.);
#2258 = DIRECTION('',(0.,0.,1.));
#2259 = PCURVE('',#880,#2260);
#2260 = DEFINITIONAL_REPRESENTATION('',(#2261),#2265);
#2261 = LINE('',#2262,#2263);
#2262 = CARTESIAN_POINT('',(0.,0.));
#2263 = VECTOR('',#2264,1.);
#2264 = DIRECTION('',(0.,-1.));
#2265 = ( GEOMETRIC_REPRESENTATION_CONTEXT(2) 
PARAMETRIC_REPRESENTATION_CONTEXT() REPRESENTATION_CONTEXT('2D SPACE',''
  ) );
#2266 = PCURVE('',#853,#2267);
#2267 = DEFINITIONAL_REPRESENTATION('',(#2268),#2272);
#2268 = LINE('',#2269,#2270);
#2269 = CARTESIAN_POINT('',(-1.570796326795,0.));
#2270 = VECTOR('',#2271,1.);
#2271 = DIRECTION('',(-0.,-1.));
#2272 = ( GEOMETRIC_REPRESENTATION_CONTEXT(2) 
PARAMETRIC_REPRESENTATION_CONTEXT() REPRESENTATION_CONTEXT('2D SPACE',''
  ) );
#2273 = ORIENTED_EDGE('',*,*,#865,.F.);
#2274 = ORIENTED_EDGE('',*,*,#2206,.F.);
#2275 = ADVANCED_FACE('',(#2276),#853,.F.);
#2276 = FACE_BOUND('',#2277,.T.);
#2277 = EDGE_LOOP('',(#2278,#2300,#2301,#2302));
#2278 = ORIENTED_EDGE('',*,*,#2279,.F.);
#2279 = EDGE_CURVE('',#2231,#1749,#2280,.T.);
#2280 = SURFACE_CURVE('',#2281,(#2286,#2293),.PCURVE_S1.);
#2281 = CIRCLE('',#2282,4.);
#2282 = AXIS2_PLACEMENT_3D('',#2283,#2284,#2285);
#2283 = CARTESIAN_POINT('',(-55.,34.999999990856,2.));
#2284 = DIRECTION('',(0.,0.,1.));
#2285 = DIRECTION('',(1.,0.,0.));
#2286 = PCURVE('',#853,#2287);
#2287 = DEFINITIONAL_REPRESENTATION('',(#2288),#2292);
#2288 = LINE('',#2289,#2290);
#2289 = CARTESIAN_POINT('',(-0.,0.));
#2290 = VECTOR('',#2291,1.);
#2291 = DIRECTION('',(-1.,0.));
#2292 = ( GEOMETRIC_REPRESENTATION_CONTEXT(2) 
PARAMETRIC_REPRESENTATION_CONTEXT() REPRESENTATION_CONTEXT('2D SPACE',''
  ) );
#2293 = PCURVE('',#1592,#2294);
#2294 = DEFINITIONAL_REPRESENTATION('',(#2295),#2299);
#2295 = CIRCLE('',#2296,4.);
#2296 = AXIS2_PLACEMENT_2D('',#2297,#2298);
#2297 = CARTESIAN_POINT('',(-55.,34.999999992814));
#2298 = DIRECTION('',(1.,0.));
#2299 = ( GEOMETRIC_REPRESENTATION_CONTEXT(2) 
PARAMETRIC_REPRESENTATION_CONTEXT() REPRESENTATION_CONTEXT('2D SPACE',''
  ) );
#2300 = ORIENTED_EDGE('',*,*,#2253,.T.);
#2301 = ORIENTED_EDGE('',*,*,#832,.F.);
#2302 = ORIENTED_EDGE('',*,*,#1793,.F.);
#2303 = ADVANCED_FACE('',(#2304),#1437,.F.);
#2304 = FACE_BOUND('',#2305,.F.);
#2305 = EDGE_LOOP('',(#2306,#2307,#2328,#2329,#2330,#2353,#2374));
#2306 = ORIENTED_EDGE('',*,*,#1528,.F.);
#2307 = ORIENTED_EDGE('',*,*,#2308,.T.);
#2308 = EDGE_CURVE('',#1501,#2042,#2309,.T.);
#2309 = SURFACE_CURVE('',#2310,(#2314,#2321),.PCURVE_S1.);
#2310 = LINE('',#2311,#2312);
#2311 = CARTESIAN_POINT('',(61.,31.25,4.5));
#2312 = VECTOR('',#2313,1.);
#2313 = DIRECTION('',(-1.,-0.,-0.));
#2314 = PCURVE('',#1437,#2315);
#2315 = DEFINITIONAL_REPRESENTATION('',(#2316),#2320);
#2316 = LINE('',#2317,#2318);
#2317 = CARTESIAN_POINT('',(0.,0.));
#2318 = VECTOR('',#2319,1.);
#2319 = DIRECTION('',(0.,-1.));
#2320 = ( GEOMETRIC_REPRESENTATION_CONTEXT(2) 
PARAMETRIC_REPRESENTATION_CONTEXT() REPRESENTATION_CONTEXT('2D SPACE',''
  ) );
#2321 = PCURVE('',#1516,#2322);
#2322 = DEFINITIONAL_REPRESENTATION('',(#2323),#2327);
#2323 = LINE('',#2324,#2325);
#2324 = CARTESIAN_POINT('',(0.,0.));
#2325 = VECTOR('',#2326,1.);
#2326 = DIRECTION('',(0.,-1.));
#2327 = ( GEOMETRIC_REPRESENTATION_CONTEXT(2) 
PARAMETRIC_REPRESENTATION_CONTEXT() REPRESENTATION_CONTEXT('2D SPACE',''
  ) );
#2328 = ORIENTED_EDGE('',*,*,#2062,.F.);
#2329 = ORIENTED_EDGE('',*,*,#2132,.F.);
#2330 = ORIENTED_EDGE('',*,*,#2331,.T.);
#2331 = EDGE_CURVE('',#2133,#2332,#2334,.T.);
#2332 = VERTEX_POINT('',#2333);
#2333 = CARTESIAN_POINT('',(58.,37.75,4.5));
#2334 = SURFACE_CURVE('',#2335,(#2339,#2346),.PCURVE_S1.);
#2335 = LINE('',#2336,#2337);
#2336 = CARTESIAN_POINT('',(58.,34.5,4.5));
#2337 = VECTOR('',#2338,1.);
#2338 = DIRECTION('',(0.,1.,0.));
#2339 = PCURVE('',#1437,#2340);
#2340 = DEFINITIONAL_REPRESENTATION('',(#2341),#2345);
#2341 = LINE('',#2342,#2343);
#2342 = CARTESIAN_POINT('',(3.25,-3.));
#2343 = VECTOR('',#2344,1.);
#2344 = DIRECTION('',(1.,0.));
#2345 = ( GEOMETRIC_REPRESENTATION_CONTEXT(2) 
PARAMETRIC_REPRESENTATION_CONTEXT() REPRESENTATION_CONTEXT('2D SPACE',''
  ) );
#2346 = PCURVE('',#2171,#2347);
#2347 = DEFINITIONAL_REPRESENTATION('',(#2348),#2352);
#2348 = LINE('',#2349,#2350);
#2349 = CARTESIAN_POINT('',(0.,-3.));
#2350 = VECTOR('',#2351,1.);
#2351 = DIRECTION('',(1.,0.));
#2352 = ( GEOMETRIC_REPRESENTATION_CONTEXT(2) 
PARAMETRIC_REPRESENTATION_CONTEXT() REPRESENTATION_CONTEXT('2D SPACE',''
  ) );
#2353 = ORIENTED_EDGE('',*,*,#2354,.F.);
#2354 = EDGE_CURVE('',#1395,#2332,#2355,.T.);
#2355 = SURFACE_CURVE('',#2356,(#2360,#2367),.PCURVE_S1.);
#2356 = LINE('',#2357,#2358);
#2357 = CARTESIAN_POINT('',(61.,37.75,4.5));
#2358 = VECTOR('',#2359,1.);
#2359 = DIRECTION('',(-1.,-0.,-0.));
#2360 = PCURVE('',#1437,#2361);
#2361 = DEFINITIONAL_REPRESENTATION('',(#2362),#2366);
#2362 = LINE('',#2363,#2364);
#2363 = CARTESIAN_POINT('',(6.5,0.));
#2364 = VECTOR('',#2365,1.);
#2365 = DIRECTION('',(0.,-1.));
#2366 = ( GEOMETRIC_REPRESENTATION_CONTEXT(2) 
PARAMETRIC_REPRESENTATION_CONTEXT() REPRESENTATION_CONTEXT('2D SPACE',''
  ) );
#2367 = PCURVE('',#1409,#2368);
#2368 = DEFINITIONAL_REPRESENTATION('',(#2369),#2373);
#2369 = LINE('',#2370,#2371);
#2370 = CARTESIAN_POINT('',(0.,0.));
#2371 = VECTOR('',#2372,1.);
#2372 = DIRECTION('',(0.,-1.));
#2373 = ( GEOMETRIC_REPRESENTATION_CONTEXT(2) 
PARAMETRIC_REPRESENTATION_CONTEXT() REPRESENTATION_CONTEXT('2D SPACE',''
  ) );
#2374 = ORIENTED_EDGE('',*,*,#1420,.T.);
#2375 = ADVANCED_FACE('',(#2376),#1409,.F.);
#2376 = FACE_BOUND('',#2377,.F.);
#2377 = EDGE_LOOP('',(#2378,#2379,#2380,#2403));
#2378 = ORIENTED_EDGE('',*,*,#1394,.T.);
#2379 = ORIENTED_EDGE('',*,*,#2354,.T.);
#2380 = ORIENTED_EDGE('',*,*,#2381,.T.);
#2381 = EDGE_CURVE('',#2332,#2382,#2384,.T.);
#2382 = VERTEX_POINT('',#2383);
#2383 = CARTESIAN_POINT('',(58.,37.75,10.5));
#2384 = SURFACE_CURVE('',#2385,(#2389,#2396),.PCURVE_S1.);
#2385 = LINE('',#2386,#2387);
#2386 = CARTESIAN_POINT('',(58.,37.75,7.5));
#2387 = VECTOR('',#2388,1.);
#2388 = DIRECTION('',(0.,0.,1.));
#2389 = PCURVE('',#1409,#2390);
#2390 = DEFINITIONAL_REPRESENTATION('',(#2391),#2395);
#2391 = LINE('',#2392,#2393);
#2392 = CARTESIAN_POINT('',(3.,-3.));
#2393 = VECTOR('',#2394,1.);
#2394 = DIRECTION('',(1.,0.));
#2395 = ( GEOMETRIC_REPRESENTATION_CONTEXT(2) 
PARAMETRIC_REPRESENTATION_CONTEXT() REPRESENTATION_CONTEXT('2D SPACE',''
  ) );
#2396 = PCURVE('',#2171,#2397);
#2397 = DEFINITIONAL_REPRESENTATION('',(#2398),#2402);
#2398 = LINE('',#2399,#2400);
#2399 = CARTESIAN_POINT('',(3.25,0.));
#2400 = VECTOR('',#2401,1.);
#2401 = DIRECTION('',(0.,1.));
#2402 = ( GEOMETRIC_REPRESENTATION_CONTEXT(2) 
PARAMETRIC_REPRESENTATION_CONTEXT() REPRESENTATION_CONTEXT('2D SPACE',''
  ) );
#2403 = ORIENTED_EDGE('',*,*,#2404,.F.);
#2404 = EDGE_CURVE('',#1366,#2382,#2405,.T.);
#2405 = SURFACE_CURVE('',#2406,(#2410,#2417),.PCURVE_S1.);
#2406 = LINE('',#2407,#2408);
#2407 = CARTESIAN_POINT('',(61.,37.75,10.5));
#2408 = VECTOR('',#2409,1.);
#2409 = DIRECTION('',(-1.,-0.,-0.));
#2410 = PCURVE('',#1409,#2411);
#2411 = DEFINITIONAL_REPRESENTATION('',(#2412),#2416);
#2412 = LINE('',#2413,#2414);
#2413 = CARTESIAN_POINT('',(6.,0.));
#2414 = VECTOR('',#2415,1.);
#2415 = DIRECTION('',(0.,-1.));
#2416 = ( GEOMETRIC_REPRESENTATION_CONTEXT(2) 
PARAMETRIC_REPRESENTATION_CONTEXT() REPRESENTATION_CONTEXT('2D SPACE',''
  ) );
#2417 = PCURVE('',#1382,#2418);
#2418 = DEFINITIONAL_REPRESENTATION('',(#2419),#2423);
#2419 = LINE('',#2420,#2421);
#2420 = CARTESIAN_POINT('',(6.5,0.));
#2421 = VECTOR('',#2422,1.);
#2422 = DIRECTION('',(0.,-1.));
#2423 = ( GEOMETRIC_REPRESENTATION_CONTEXT(2) 
PARAMETRIC_REPRESENTATION_CONTEXT() REPRESENTATION_CONTEXT('2D SPACE',''
  ) );
#2424 = ADVANCED_FACE('',(#2425),#1382,.T.);
#2425 = FACE_BOUND('',#2426,.T.);
#2426 = EDGE_LOOP('',(#2427,#2428,#2449,#2450,#2451,#2472,#2473));
#2427 = ORIENTED_EDGE('',*,*,#1477,.F.);
#2428 = ORIENTED_EDGE('',*,*,#2429,.T.);
#2429 = EDGE_CURVE('',#1478,#2021,#2430,.T.);
#2430 = SURFACE_CURVE('',#2431,(#2435,#2442),.PCURVE_S1.);
#2431 = LINE('',#2432,#2433);
#2432 = CARTESIAN_POINT('',(61.,31.25,10.5));
#2433 = VECTOR('',#2434,1.);
#2434 = DIRECTION('',(-1.,-0.,-0.));
#2435 = PCURVE('',#1382,#2436);
#2436 = DEFINITIONAL_REPRESENTATION('',(#2437),#2441);
#2437 = LINE('',#2438,#2439);
#2438 = CARTESIAN_POINT('',(0.,0.));
#2439 = VECTOR('',#2440,1.);
#2440 = DIRECTION('',(0.,-1.));
#2441 = ( GEOMETRIC_REPRESENTATION_CONTEXT(2) 
PARAMETRIC_REPRESENTATION_CONTEXT() REPRESENTATION_CONTEXT('2D SPACE',''
  ) );
#2442 = PCURVE('',#1516,#2443);
#2443 = DEFINITIONAL_REPRESENTATION('',(#2444),#2448);
#2444 = LINE('',#2445,#2446);
#2445 = CARTESIAN_POINT('',(6.,0.));
#2446 = VECTOR('',#2447,1.);
#2447 = DIRECTION('',(0.,-1.));
#2448 = ( GEOMETRIC_REPRESENTATION_CONTEXT(2) 
PARAMETRIC_REPRESENTATION_CONTEXT() REPRESENTATION_CONTEXT('2D SPACE',''
  ) );
#2449 = ORIENTED_EDGE('',*,*,#2020,.F.);
#2450 = ORIENTED_EDGE('',*,*,#2182,.F.);
#2451 = ORIENTED_EDGE('',*,*,#2452,.T.);
#2452 = EDGE_CURVE('',#2157,#2382,#2453,.T.);
#2453 = SURFACE_CURVE('',#2454,(#2458,#2465),.PCURVE_S1.);
#2454 = LINE('',#2455,#2456);
#2455 = CARTESIAN_POINT('',(58.,34.5,10.5));
#2456 = VECTOR('',#2457,1.);
#2457 = DIRECTION('',(0.,1.,0.));
#2458 = PCURVE('',#1382,#2459);
#2459 = DEFINITIONAL_REPRESENTATION('',(#2460),#2464);
#2460 = LINE('',#2461,#2462);
#2461 = CARTESIAN_POINT('',(3.25,-3.));
#2462 = VECTOR('',#2463,1.);
#2463 = DIRECTION('',(1.,0.));
#2464 = ( GEOMETRIC_REPRESENTATION_CONTEXT(2) 
PARAMETRIC_REPRESENTATION_CONTEXT() REPRESENTATION_CONTEXT('2D SPACE',''
  ) );
#2465 = PCURVE('',#2171,#2466);
#2466 = DEFINITIONAL_REPRESENTATION('',(#2467),#2471);
#2467 = LINE('',#2468,#2469);
#2468 = CARTESIAN_POINT('',(0.,3.));
#2469 = VECTOR('',#2470,1.);
#2470 = DIRECTION('',(1.,0.));
#2471 = ( GEOMETRIC_REPRESENTATION_CONTEXT(2) 
PARAMETRIC_REPRESENTATION_CONTEXT() REPRESENTATION_CONTEXT('2D SPACE',''
  ) );
#2472 = ORIENTED_EDGE('',*,*,#2404,.F.);
#2473 = ORIENTED_EDGE('',*,*,#1365,.T.);
#2474 = ADVANCED_FACE('',(#2475),#1516,.T.);
#2475 = FACE_BOUND('',#2476,.T.);
#2476 = EDGE_LOOP('',(#2477,#2478,#2479,#2480));
#2477 = ORIENTED_EDGE('',*,*,#1500,.F.);
#2478 = ORIENTED_EDGE('',*,*,#2308,.T.);
#2479 = ORIENTED_EDGE('',*,*,#2041,.F.);
#2480 = ORIENTED_EDGE('',*,*,#2429,.F.);
#2481 = ADVANCED_FACE('',(#2482,#2492,#2523,#2554,#2585,#2616,#2622,
    #2653,#2684,#2715),#1592,.T.);
#2482 = FACE_BOUND('',#2483,.T.);
#2483 = EDGE_LOOP('',(#2484,#2485,#2486,#2487,#2488,#2489,#2490,#2491));
#2484 = ORIENTED_EDGE('',*,*,#1746,.F.);
#2485 = ORIENTED_EDGE('',*,*,#1823,.T.);
#2486 = ORIENTED_EDGE('',*,*,#1873,.T.);
#2487 = ORIENTED_EDGE('',*,*,#1922,.T.);
#2488 = ORIENTED_EDGE('',*,*,#1972,.T.);
#2489 = ORIENTED_EDGE('',*,*,#2107,.T.);
#2490 = ORIENTED_EDGE('',*,*,#2230,.F.);
#2491 = ORIENTED_EDGE('',*,*,#2279,.T.);
#2492 = FACE_BOUND('',#2493,.T.);
#2493 = EDGE_LOOP('',(#2494));
#2494 = ORIENTED_EDGE('',*,*,#2495,.F.);
#2495 = EDGE_CURVE('',#2496,#2496,#2498,.T.);
#2496 = VERTEX_POINT('',#2497);
#2497 = CARTESIAN_POINT('',(-49.6,-33.,2.));
#2498 = SURFACE_CURVE('',#2499,(#2504,#2511),.PCURVE_S1.);
#2499 = CIRCLE('',#2500,3.4);
#2500 = AXIS2_PLACEMENT_3D('',#2501,#2502,#2503);
#2501 = CARTESIAN_POINT('',(-53.,-33.,2.));
#2502 = DIRECTION('',(0.,0.,1.));
#2503 = DIRECTION('',(1.,0.,0.));
#2504 = PCURVE('',#1592,#2505);
#2505 = DEFINITIONAL_REPRESENTATION('',(#2506),#2510);
#2506 = CIRCLE('',#2507,3.4);
#2507 = AXIS2_PLACEMENT_2D('',#2508,#2509);
#2508 = CARTESIAN_POINT('',(-53.,-32.99999999804));
#2509 = DIRECTION('',(1.,0.));
#2510 = ( GEOMETRIC_REPRESENTATION_CONTEXT(2) 
PARAMETRIC_REPRESENTATION_CONTEXT() REPRESENTATION_CONTEXT('2D SPACE',''
  ) );
#2511 = PCURVE('',#2512,#2517);
#2512 = CYLINDRICAL_SURFACE('',#2513,3.4);
#2513 = AXIS2_PLACEMENT_3D('',#2514,#2515,#2516);
#2514 = CARTESIAN_POINT('',(-53.,-33.,2.));
#2515 = DIRECTION('',(-0.,-0.,-1.));
#2516 = DIRECTION('',(1.,0.,0.));
#2517 = DEFINITIONAL_REPRESENTATION('',(#2518),#2522);
#2518 = LINE('',#2519,#2520);
#2519 = CARTESIAN_POINT('',(-0.,0.));
#2520 = VECTOR('',#2521,1.);
#2521 = DIRECTION('',(-1.,0.));
#2522 = ( GEOMETRIC_REPRESENTATION_CONTEXT(2) 
PARAMETRIC_REPRESENTATION_CONTEXT() REPRESENTATION_CONTEXT('2D SPACE',''
  ) );
#2523 = FACE_BOUND('',#2524,.T.);
#2524 = EDGE_LOOP('',(#2525));
#2525 = ORIENTED_EDGE('',*,*,#2526,.F.);
#2526 = EDGE_CURVE('',#2527,#2527,#2529,.T.);
#2527 = VERTEX_POINT('',#2528);
#2528 = CARTESIAN_POINT('',(-44.25,-23.95,2.));
#2529 = SURFACE_CURVE('',#2530,(#2535,#2542),.PCURVE_S1.);
#2530 = CIRCLE('',#2531,3.);
#2531 = AXIS2_PLACEMENT_3D('',#2532,#2533,#2534);
#2532 = CARTESIAN_POINT('',(-47.25,-23.95,2.));
#2533 = DIRECTION('',(0.,0.,1.));
#2534 = DIRECTION('',(1.,0.,0.));
#2535 = PCURVE('',#1592,#2536);
#2536 = DEFINITIONAL_REPRESENTATION('',(#2537),#2541);
#2537 = CIRCLE('',#2538,3.);
#2538 = AXIS2_PLACEMENT_2D('',#2539,#2540);
#2539 = CARTESIAN_POINT('',(-47.25,-23.94999999804));
#2540 = DIRECTION('',(1.,0.));
#2541 = ( GEOMETRIC_REPRESENTATION_CONTEXT(2) 
PARAMETRIC_REPRESENTATION_CONTEXT() REPRESENTATION_CONTEXT('2D SPACE',''
  ) );
#2542 = PCURVE('',#2543,#2548);
#2543 = CYLINDRICAL_SURFACE('',#2544,3.);
#2544 = AXIS2_PLACEMENT_3D('',#2545,#2546,#2547);
#2545 = CARTESIAN_POINT('',(-47.25,-23.95,2.));
#2546 = DIRECTION('',(-0.,-0.,-1.));
#2547 = DIRECTION('',(1.,0.,0.));
#2548 = DEFINITIONAL_REPRESENTATION('',(#2549),#2553);
#2549 = LINE('',#2550,#2551);
#2550 = CARTESIAN_POINT('',(-0.,0.));
#2551 = VECTOR('',#2552,1.);
#2552 = DIRECTION('',(-1.,0.));
#2553 = ( GEOMETRIC_REPRESENTATION_CONTEXT(2) 
PARAMETRIC_REPRESENTATION_CONTEXT() REPRESENTATION_CONTEXT('2D SPACE',''
  ) );
#2554 = FACE_BOUND('',#2555,.T.);
#2555 = EDGE_LOOP('',(#2556));
#2556 = ORIENTED_EDGE('',*,*,#2557,.F.);
#2557 = EDGE_CURVE('',#2558,#2558,#2560,.T.);
#2558 = VERTEX_POINT('',#2559);
#2559 = CARTESIAN_POINT('',(56.4,-33.,2.));
#2560 = SURFACE_CURVE('',#2561,(#2566,#2573),.PCURVE_S1.);
#2561 = CIRCLE('',#2562,3.4);
#2562 = AXIS2_PLACEMENT_3D('',#2563,#2564,#2565);
#2563 = CARTESIAN_POINT('',(53.,-33.,2.));
#2564 = DIRECTION('',(0.,0.,1.));
#2565 = DIRECTION('',(1.,0.,0.));
#2566 = PCURVE('',#1592,#2567);
#2567 = DEFINITIONAL_REPRESENTATION('',(#2568),#2572);
#2568 = CIRCLE('',#2569,3.4);
#2569 = AXIS2_PLACEMENT_2D('',#2570,#2571);
#2570 = CARTESIAN_POINT('',(53.,-32.99999999804));
#2571 = DIRECTION('',(1.,0.));
#2572 = ( GEOMETRIC_REPRESENTATION_CONTEXT(2) 
PARAMETRIC_REPRESENTATION_CONTEXT() REPRESENTATION_CONTEXT('2D SPACE',''
  ) );
#2573 = PCURVE('',#2574,#2579);
#2574 = CYLINDRICAL_SURFACE('',#2575,3.4);
#2575 = AXIS2_PLACEMENT_3D('',#2576,#2577,#2578);
#2576 = CARTESIAN_POINT('',(53.,-33.,2.));
#2577 = DIRECTION('',(-0.,-0.,-1.));
#2578 = DIRECTION('',(1.,0.,0.));
#2579 = DEFINITIONAL_REPRESENTATION('',(#2580),#2584);
#2580 = LINE('',#2581,#2582);
#2581 = CARTESIAN_POINT('',(-0.,0.));
#2582 = VECTOR('',#2583,1.);
#2583 = DIRECTION('',(-1.,0.));
#2584 = ( GEOMETRIC_REPRESENTATION_CONTEXT(2) 
PARAMETRIC_REPRESENTATION_CONTEXT() REPRESENTATION_CONTEXT('2D SPACE',''
  ) );
#2585 = FACE_BOUND('',#2586,.T.);
#2586 = EDGE_LOOP('',(#2587));
#2587 = ORIENTED_EDGE('',*,*,#2588,.F.);
#2588 = EDGE_CURVE('',#2589,#2589,#2591,.T.);
#2589 = VERTEX_POINT('',#2590);
#2590 = CARTESIAN_POINT('',(50.25,-23.95,2.));
#2591 = SURFACE_CURVE('',#2592,(#2597,#2604),.PCURVE_S1.);
#2592 = CIRCLE('',#2593,3.);
#2593 = AXIS2_PLACEMENT_3D('',#2594,#2595,#2596);
#2594 = CARTESIAN_POINT('',(47.25,-23.95,2.));
#2595 = DIRECTION('',(0.,0.,1.));
#2596 = DIRECTION('',(1.,0.,0.));
#2597 = PCURVE('',#1592,#2598);
#2598 = DEFINITIONAL_REPRESENTATION('',(#2599),#2603);
#2599 = CIRCLE('',#2600,3.);
#2600 = AXIS2_PLACEMENT_2D('',#2601,#2602);
#2601 = CARTESIAN_POINT('',(47.25,-23.94999999804));
#2602 = DIRECTION('',(1.,0.));
#2603 = ( GEOMETRIC_REPRESENTATION_CONTEXT(2) 
PARAMETRIC_REPRESENTATION_CONTEXT() REPRESENTATION_CONTEXT('2D SPACE',''
  ) );
#2604 = PCURVE('',#2605,#2610);
#2605 = CYLINDRICAL_SURFACE('',#2606,3.);
#2606 = AXIS2_PLACEMENT_3D('',#2607,#2608,#2609);
#2607 = CARTESIAN_POINT('',(47.25,-23.95,2.));
#2608 = DIRECTION('',(-0.,-0.,-1.));
#2609 = DIRECTION('',(1.,0.,0.));
#2610 = DEFINITIONAL_REPRESENTATION('',(#2611),#2615);
#2611 = LINE('',#2612,#2613);
#2612 = CARTESIAN_POINT('',(-0.,0.));
#2613 = VECTOR('',#2614,1.);
#2614 = DIRECTION('',(-1.,0.));
#2615 = ( GEOMETRIC_REPRESENTATION_CONTEXT(2) 
PARAMETRIC_REPRESENTATION_CONTEXT() REPRESENTATION_CONTEXT('2D SPACE',''
  ) );
#2616 = FACE_BOUND('',#2617,.T.);
#2617 = EDGE_LOOP('',(#2618,#2619,#2620,#2621));
#2618 = ORIENTED_EDGE('',*,*,#1723,.F.);
#2619 = ORIENTED_EDGE('',*,*,#1698,.F.);
#2620 = ORIENTED_EDGE('',*,*,#1629,.T.);
#2621 = ORIENTED_EDGE('',*,*,#1577,.T.);
#2622 = FACE_BOUND('',#2623,.T.);
#2623 = EDGE_LOOP('',(#2624));
#2624 = ORIENTED_EDGE('',*,*,#2625,.F.);
#2625 = EDGE_CURVE('',#2626,#2626,#2628,.T.);
#2626 = VERTEX_POINT('',#2627);
#2627 = CARTESIAN_POINT('',(-44.25,23.95,2.));
#2628 = SURFACE_CURVE('',#2629,(#2634,#2641),.PCURVE_S1.);
#2629 = CIRCLE('',#2630,3.);
#2630 = AXIS2_PLACEMENT_3D('',#2631,#2632,#2633);
#2631 = CARTESIAN_POINT('',(-47.25,23.95,2.));
#2632 = DIRECTION('',(0.,0.,1.));
#2633 = DIRECTION('',(1.,0.,0.));
#2634 = PCURVE('',#1592,#2635);
#2635 = DEFINITIONAL_REPRESENTATION('',(#2636),#2640);
#2636 = CIRCLE('',#2637,3.);
#2637 = AXIS2_PLACEMENT_2D('',#2638,#2639);
#2638 = CARTESIAN_POINT('',(-47.25,23.950000001958));
#2639 = DIRECTION('',(1.,0.));
#2640 = ( GEOMETRIC_REPRESENTATION_CONTEXT(2) 
PARAMETRIC_REPRESENTATION_CONTEXT() REPRESENTATION_CONTEXT('2D SPACE',''
  ) );
#2641 = PCURVE('',#2642,#2647);
#2642 = CYLINDRICAL_SURFACE('',#2643,3.);
#2643 = AXIS2_PLACEMENT_3D('',#2644,#2645,#2646);
#2644 = CARTESIAN_POINT('',(-47.25,23.95,2.));
#2645 = DIRECTION('',(-0.,-0.,-1.));
#2646 = DIRECTION('',(1.,0.,0.));
#2647 = DEFINITIONAL_REPRESENTATION('',(#2648),#2652);
#2648 = LINE('',#2649,#2650);
#2649 = CARTESIAN_POINT('',(-0.,0.));
#2650 = VECTOR('',#2651,1.);
#2651 = DIRECTION('',(-1.,0.));
#2652 = ( GEOMETRIC_REPRESENTATION_CONTEXT(2) 
PARAMETRIC_REPRESENTATION_CONTEXT() REPRESENTATION_CONTEXT('2D SPACE',''
  ) );
#2653 = FACE_BOUND('',#2654,.T.);
#2654 = EDGE_LOOP('',(#2655));
#2655 = ORIENTED_EDGE('',*,*,#2656,.F.);
#2656 = EDGE_CURVE('',#2657,#2657,#2659,.T.);
#2657 = VERTEX_POINT('',#2658);
#2658 = CARTESIAN_POINT('',(-49.6,33.,2.));
#2659 = SURFACE_CURVE('',#2660,(#2665,#2672),.PCURVE_S1.);
#2660 = CIRCLE('',#2661,3.4);
#2661 = AXIS2_PLACEMENT_3D('',#2662,#2663,#2664);
#2662 = CARTESIAN_POINT('',(-53.,33.,2.));
#2663 = DIRECTION('',(0.,0.,1.));
#2664 = DIRECTION('',(1.,0.,0.));
#2665 = PCURVE('',#1592,#2666);
#2666 = DEFINITIONAL_REPRESENTATION('',(#2667),#2671);
#2667 = CIRCLE('',#2668,3.4);
#2668 = AXIS2_PLACEMENT_2D('',#2669,#2670);
#2669 = CARTESIAN_POINT('',(-53.,33.000000001958));
#2670 = DIRECTION('',(1.,0.));
#2671 = ( GEOMETRIC_REPRESENTATION_CONTEXT(2) 
PARAMETRIC_REPRESENTATION_CONTEXT() REPRESENTATION_CONTEXT('2D SPACE',''
  ) );
#2672 = PCURVE('',#2673,#2678);
#2673 = CYLINDRICAL_SURFACE('',#2674,3.4);
#2674 = AXIS2_PLACEMENT_3D('',#2675,#2676,#2677);
#2675 = CARTESIAN_POINT('',(-53.,33.,2.));
#2676 = DIRECTION('',(-0.,-0.,-1.));
#2677 = DIRECTION('',(1.,0.,0.));
#2678 = DEFINITIONAL_REPRESENTATION('',(#2679),#2683);
#2679 = LINE('',#2680,#2681);
#2680 = CARTESIAN_POINT('',(-0.,0.));
#2681 = VECTOR('',#2682,1.);
#2682 = DIRECTION('',(-1.,0.));
#2683 = ( GEOMETRIC_REPRESENTATION_CONTEXT(2) 
PARAMETRIC_REPRESENTATION_CONTEXT() REPRESENTATION_CONTEXT('2D SPACE',''
  ) );
#2684 = FACE_BOUND('',#2685,.T.);
#2685 = EDGE_LOOP('',(#2686));
#2686 = ORIENTED_EDGE('',*,*,#2687,.F.);
#2687 = EDGE_CURVE('',#2688,#2688,#2690,.T.);
#2688 = VERTEX_POINT('',#2689);
#2689 = CARTESIAN_POINT('',(50.25,23.95,2.));
#2690 = SURFACE_CURVE('',#2691,(#2696,#2703),.PCURVE_S1.);
#2691 = CIRCLE('',#2692,3.);
#2692 = AXIS2_PLACEMENT_3D('',#2693,#2694,#2695);
#2693 = CARTESIAN_POINT('',(47.25,23.95,2.));
#2694 = DIRECTION('',(0.,0.,1.));
#2695 = DIRECTION('',(1.,0.,0.));
#2696 = PCURVE('',#1592,#2697);
#2697 = DEFINITIONAL_REPRESENTATION('',(#2698),#2702);
#2698 = CIRCLE('',#2699,3.);
#2699 = AXIS2_PLACEMENT_2D('',#2700,#2701);
#2700 = CARTESIAN_POINT('',(47.25,23.950000001958));
#2701 = DIRECTION('',(1.,0.));
#2702 = ( GEOMETRIC_REPRESENTATION_CONTEXT(2) 
PARAMETRIC_REPRESENTATION_CONTEXT() REPRESENTATION_CONTEXT('2D SPACE',''
  ) );
#2703 = PCURVE('',#2704,#2709);
#2704 = CYLINDRICAL_SURFACE('',#2705,3.);
#2705 = AXIS2_PLACEMENT_3D('',#2706,#2707,#2708);
#2706 = CARTESIAN_POINT('',(47.25,23.95,2.));
#2707 = DIRECTION('',(-0.,-0.,-1.));
#2708 = DIRECTION('',(1.,0.,0.));
#2709 = DEFINITIONAL_REPRESENTATION('',(#2710),#2714);
#2710 = LINE('',#2711,#2712);
#2711 = CARTESIAN_POINT('',(-0.,0.));
#2712 = VECTOR('',#2713,1.);
#2713 = DIRECTION('',(-1.,0.));
#2714 = ( GEOMETRIC_REPRESENTATION_CONTEXT(2) 
PARAMETRIC_REPRESENTATION_CONTEXT() REPRESENTATION_CONTEXT('2D SPACE',''
  ) );
#2715 = FACE_BOUND('',#2716,.T.);
#2716 = EDGE_LOOP('',(#2717));
#2717 = ORIENTED_EDGE('',*,*,#2718,.F.);
#2718 = EDGE_CURVE('',#2719,#2719,#2721,.T.);
#2719 = VERTEX_POINT('',#2720);
#2720 = CARTESIAN_POINT('',(56.4,33.,2.));
#2721 = SURFACE_CURVE('',#2722,(#2727,#2734),.PCURVE_S1.);
#2722 = CIRCLE('',#2723,3.4);
#2723 = AXIS2_PLACEMENT_3D('',#2724,#2725,#2726);
#2724 = CARTESIAN_POINT('',(53.,33.,2.));
#2725 = DIRECTION('',(0.,0.,1.));
#2726 = DIRECTION('',(1.,0.,0.));
#2727 = PCURVE('',#1592,#2728);
#2728 = DEFINITIONAL_REPRESENTATION('',(#2729),#2733);
#2729 = CIRCLE('',#2730,3.4);
#2730 = AXIS2_PLACEMENT_2D('',#2731,#2732);
#2731 = CARTESIAN_POINT('',(53.,33.000000001958));
#2732 = DIRECTION('',(1.,0.));
#2733 = ( GEOMETRIC_REPRESENTATION_CONTEXT(2) 
PARAMETRIC_REPRESENTATION_CONTEXT() REPRESENTATION_CONTEXT('2D SPACE',''
  ) );
#2734 = PCURVE('',#2735,#2740);
#2735 = CYLINDRICAL_SURFACE('',#2736,3.4);
#2736 = AXIS2_PLACEMENT_3D('',#2737,#2738,#2739);
#2737 = CARTESIAN_POINT('',(53.,33.,2.));
#2738 = DIRECTION('',(-0.,-0.,-1.));
#2739 = DIRECTION('',(1.,0.,0.));
#2740 = DEFINITIONAL_REPRESENTATION('',(#2741),#2745);
#2741 = LINE('',#2742,#2743);
#2742 = CARTESIAN_POINT('',(-0.,0.));
#2743 = VECTOR('',#2744,1.);
#2744 = DIRECTION('',(-1.,0.));
#2745 = ( GEOMETRIC_REPRESENTATION_CONTEXT(2) 
PARAMETRIC_REPRESENTATION_CONTEXT() REPRESENTATION_CONTEXT('2D SPACE',''
  ) );
#2746 = ADVANCED_FACE('',(#2747),#2171,.T.);
#2747 = FACE_BOUND('',#2748,.T.);
#2748 = EDGE_LOOP('',(#2749,#2750,#2751,#2752));
#2749 = ORIENTED_EDGE('',*,*,#2156,.T.);
#2750 = ORIENTED_EDGE('',*,*,#2331,.T.);
#2751 = ORIENTED_EDGE('',*,*,#2381,.T.);
#2752 = ORIENTED_EDGE('',*,*,#2452,.F.);
#2753 = ADVANCED_FACE('',(#2754),#2512,.T.);
#2754 = FACE_BOUND('',#2755,.F.);
#2755 = EDGE_LOOP('',(#2756,#2779,#2806,#2807));
#2756 = ORIENTED_EDGE('',*,*,#2757,.T.);
#2757 = EDGE_CURVE('',#2496,#2758,#2760,.T.);
#2758 = VERTEX_POINT('',#2759);
#2759 = CARTESIAN_POINT('',(-49.6,-33.,18.));
#2760 = SEAM_CURVE('',#2761,(#2765,#2772),.PCURVE_S1.);
#2761 = LINE('',#2762,#2763);
#2762 = CARTESIAN_POINT('',(-49.6,-33.,2.));
#2763 = VECTOR('',#2764,1.);
#2764 = DIRECTION('',(0.,0.,1.));
#2765 = PCURVE('',#2512,#2766);
#2766 = DEFINITIONAL_REPRESENTATION('',(#2767),#2771);
#2767 = LINE('',#2768,#2769);
#2768 = CARTESIAN_POINT('',(-0.,0.));
#2769 = VECTOR('',#2770,1.);
#2770 = DIRECTION('',(-0.,-1.));
#2771 = ( GEOMETRIC_REPRESENTATION_CONTEXT(2) 
PARAMETRIC_REPRESENTATION_CONTEXT() REPRESENTATION_CONTEXT('2D SPACE',''
  ) );
#2772 = PCURVE('',#2512,#2773);
#2773 = DEFINITIONAL_REPRESENTATION('',(#2774),#2778);
#2774 = LINE('',#2775,#2776);
#2775 = CARTESIAN_POINT('',(-6.28318530718,0.));
#2776 = VECTOR('',#2777,1.);
#2777 = DIRECTION('',(-0.,-1.));
#2778 = ( GEOMETRIC_REPRESENTATION_CONTEXT(2) 
PARAMETRIC_REPRESENTATION_CONTEXT() REPRESENTATION_CONTEXT('2D SPACE',''
  ) );
#2779 = ORIENTED_EDGE('',*,*,#2780,.T.);
#2780 = EDGE_CURVE('',#2758,#2758,#2781,.T.);
#2781 = SURFACE_CURVE('',#2782,(#2787,#2794),.PCURVE_S1.);
#2782 = CIRCLE('',#2783,3.4);
#2783 = AXIS2_PLACEMENT_3D('',#2784,#2785,#2786);
#2784 = CARTESIAN_POINT('',(-53.,-33.,18.));
#2785 = DIRECTION('',(0.,0.,1.));
#2786 = DIRECTION('',(1.,0.,0.));
#2787 = PCURVE('',#2512,#2788);
#2788 = DEFINITIONAL_REPRESENTATION('',(#2789),#2793);
#2789 = LINE('',#2790,#2791);
#2790 = CARTESIAN_POINT('',(-0.,-16.));
#2791 = VECTOR('',#2792,1.);
#2792 = DIRECTION('',(-1.,0.));
#2793 = ( GEOMETRIC_REPRESENTATION_CONTEXT(2) 
PARAMETRIC_REPRESENTATION_CONTEXT() REPRESENTATION_CONTEXT('2D SPACE',''
  ) );
#2794 = PCURVE('',#2795,#2800);
#2795 = PLANE('',#2796);
#2796 = AXIS2_PLACEMENT_3D('',#2797,#2798,#2799);
#2797 = CARTESIAN_POINT('',(-53.,-33.,18.));
#2798 = DIRECTION('',(0.,0.,1.));
#2799 = DIRECTION('',(1.,0.,0.));
#2800 = DEFINITIONAL_REPRESENTATION('',(#2801),#2805);
#2801 = CIRCLE('',#2802,3.4);
#2802 = AXIS2_PLACEMENT_2D('',#2803,#2804);
#2803 = CARTESIAN_POINT('',(1.005470685691E-16,-6.230083323478E-17));
#2804 = DIRECTION('',(1.,0.));
#2805 = ( GEOMETRIC_REPRESENTATION_CONTEXT(2) 
PARAMETRIC_REPRESENTATION_CONTEXT() REPRESENTATION_CONTEXT('2D SPACE',''
  ) );
#2806 = ORIENTED_EDGE('',*,*,#2757,.F.);
#2807 = ORIENTED_EDGE('',*,*,#2495,.F.);
#2808 = ADVANCED_FACE('',(#2809),#2543,.T.);
#2809 = FACE_BOUND('',#2810,.F.);
#2810 = EDGE_LOOP('',(#2811,#2834,#2861,#2862));
#2811 = ORIENTED_EDGE('',*,*,#2812,.T.);
#2812 = EDGE_CURVE('',#2527,#2813,#2815,.T.);
#2813 = VERTEX_POINT('',#2814);
#2814 = CARTESIAN_POINT('',(-44.25,-23.95,7.6));
#2815 = SEAM_CURVE('',#2816,(#2820,#2827),.PCURVE_S1.);
#2816 = LINE('',#2817,#2818);
#2817 = CARTESIAN_POINT('',(-44.25,-23.95,2.));
#2818 = VECTOR('',#2819,1.);
#2819 = DIRECTION('',(0.,0.,1.));
#2820 = PCURVE('',#2543,#2821);
#2821 = DEFINITIONAL_REPRESENTATION('',(#2822),#2826);
#2822 = LINE('',#2823,#2824);
#2823 = CARTESIAN_POINT('',(-0.,0.));
#2824 = VECTOR('',#2825,1.);
#2825 = DIRECTION('',(-0.,-1.));
#2826 = ( GEOMETRIC_REPRESENTATION_CONTEXT(2) 
PARAMETRIC_REPRESENTATION_CONTEXT() REPRESENTATION_CONTEXT('2D SPACE',''
  ) );
#2827 = PCURVE('',#2543,#2828);
#2828 = DEFINITIONAL_REPRESENTATION('',(#2829),#2833);
#2829 = LINE('',#2830,#2831);
#2830 = CARTESIAN_POINT('',(-6.28318530718,0.));
#2831 = VECTOR('',#2832,1.);
#2832 = DIRECTION('',(-0.,-1.));
#2833 = ( GEOMETRIC_REPRESENTATION_CONTEXT(2) 
PARAMETRIC_REPRESENTATION_CONTEXT() REPRESENTATION_CONTEXT('2D SPACE',''
  ) );
#2834 = ORIENTED_EDGE('',*,*,#2835,.T.);
#2835 = EDGE_CURVE('',#2813,#2813,#2836,.T.);
#2836 = SURFACE_CURVE('',#2837,(#2842,#2849),.PCURVE_S1.);
#2837 = CIRCLE('',#2838,3.);
#2838 = AXIS2_PLACEMENT_3D('',#2839,#2840,#2841);
#2839 = CARTESIAN_POINT('',(-47.25,-23.95,7.6));
#2840 = DIRECTION('',(0.,0.,1.));
#2841 = DIRECTION('',(1.,0.,0.));
#2842 = PCURVE('',#2543,#2843);
#2843 = DEFINITIONAL_REPRESENTATION('',(#2844),#2848);
#2844 = LINE('',#2845,#2846);
#2845 = CARTESIAN_POINT('',(-0.,-5.6));
#2846 = VECTOR('',#2847,1.);
#2847 = DIRECTION('',(-1.,0.));
#2848 = ( GEOMETRIC_REPRESENTATION_CONTEXT(2) 
PARAMETRIC_REPRESENTATION_CONTEXT() REPRESENTATION_CONTEXT('2D SPACE',''
  ) );
#2849 = PCURVE('',#2850,#2855);
#2850 = PLANE('',#2851);
#2851 = AXIS2_PLACEMENT_3D('',#2852,#2853,#2854);
#2852 = CARTESIAN_POINT('',(-47.25,-23.95,7.6));
#2853 = DIRECTION('',(0.,0.,1.));
#2854 = DIRECTION('',(1.,0.,0.));
#2855 = DEFINITIONAL_REPRESENTATION('',(#2856),#2860);
#2856 = CIRCLE('',#2857,3.);
#2857 = AXIS2_PLACEMENT_2D('',#2858,#2859);
#2858 = CARTESIAN_POINT('',(2.279066887566E-16,8.51133553645E-18));
#2859 = DIRECTION('',(1.,0.));
#2860 = ( GEOMETRIC_REPRESENTATION_CONTEXT(2) 
PARAMETRIC_REPRESENTATION_CONTEXT() REPRESENTATION_CONTEXT('2D SPACE',''
  ) );
#2861 = ORIENTED_EDGE('',*,*,#2812,.F.);
#2862 = ORIENTED_EDGE('',*,*,#2526,.F.);
#2863 = ADVANCED_FACE('',(#2864),#2574,.T.);
#2864 = FACE_BOUND('',#2865,.F.);
#2865 = EDGE_LOOP('',(#2866,#2889,#2916,#2917));
#2866 = ORIENTED_EDGE('',*,*,#2867,.T.);
#2867 = EDGE_CURVE('',#2558,#2868,#2870,.T.);
#2868 = VERTEX_POINT('',#2869);
#2869 = CARTESIAN_POINT('',(56.4,-33.,18.));
#2870 = SEAM_CURVE('',#2871,(#2875,#2882),.PCURVE_S1.);
#2871 = LINE('',#2872,#2873);
#2872 = CARTESIAN_POINT('',(56.4,-33.,2.));
#2873 = VECTOR('',#2874,1.);
#2874 = DIRECTION('',(0.,0.,1.));
#2875 = PCURVE('',#2574,#2876);
#2876 = DEFINITIONAL_REPRESENTATION('',(#2877),#2881);
#2877 = LINE('',#2878,#2879);
#2878 = CARTESIAN_POINT('',(-0.,0.));
#2879 = VECTOR('',#2880,1.);
#2880 = DIRECTION('',(-0.,-1.));
#2881 = ( GEOMETRIC_REPRESENTATION_CONTEXT(2) 
PARAMETRIC_REPRESENTATION_CONTEXT() REPRESENTATION_CONTEXT('2D SPACE',''
  ) );
#2882 = PCURVE('',#2574,#2883);
#2883 = DEFINITIONAL_REPRESENTATION('',(#2884),#2888);
#2884 = LINE('',#2885,#2886);
#2885 = CARTESIAN_POINT('',(-6.28318530718,0.));
#2886 = VECTOR('',#2887,1.);
#2887 = DIRECTION('',(-0.,-1.));
#2888 = ( GEOMETRIC_REPRESENTATION_CONTEXT(2) 
PARAMETRIC_REPRESENTATION_CONTEXT() REPRESENTATION_CONTEXT('2D SPACE',''
  ) );
#2889 = ORIENTED_EDGE('',*,*,#2890,.T.);
#2890 = EDGE_CURVE('',#2868,#2868,#2891,.T.);
#2891 = SURFACE_CURVE('',#2892,(#2897,#2904),.PCURVE_S1.);
#2892 = CIRCLE('',#2893,3.4);
#2893 = AXIS2_PLACEMENT_3D('',#2894,#2895,#2896);
#2894 = CARTESIAN_POINT('',(53.,-33.,18.));
#2895 = DIRECTION('',(0.,0.,1.));
#2896 = DIRECTION('',(1.,0.,0.));
#2897 = PCURVE('',#2574,#2898);
#2898 = DEFINITIONAL_REPRESENTATION('',(#2899),#2903);
#2899 = LINE('',#2900,#2901);
#2900 = CARTESIAN_POINT('',(-0.,-16.));
#2901 = VECTOR('',#2902,1.);
#2902 = DIRECTION('',(-1.,0.));
#2903 = ( GEOMETRIC_REPRESENTATION_CONTEXT(2) 
PARAMETRIC_REPRESENTATION_CONTEXT() REPRESENTATION_CONTEXT('2D SPACE',''
  ) );
#2904 = PCURVE('',#2905,#2910);
#2905 = PLANE('',#2906);
#2906 = AXIS2_PLACEMENT_3D('',#2907,#2908,#2909);
#2907 = CARTESIAN_POINT('',(53.,-33.,18.));
#2908 = DIRECTION('',(0.,0.,1.));
#2909 = DIRECTION('',(1.,0.,0.));
#2910 = DEFINITIONAL_REPRESENTATION('',(#2911),#2915);
#2911 = CIRCLE('',#2912,3.4);
#2912 = AXIS2_PLACEMENT_2D('',#2913,#2914);
#2913 = CARTESIAN_POINT('',(1.005470685691E-16,-6.230083323478E-17));
#2914 = DIRECTION('',(1.,0.));
#2915 = ( GEOMETRIC_REPRESENTATION_CONTEXT(2) 
PARAMETRIC_REPRESENTATION_CONTEXT() REPRESENTATION_CONTEXT('2D SPACE',''
  ) );
#2916 = ORIENTED_EDGE('',*,*,#2867,.F.);
#2917 = ORIENTED_EDGE('',*,*,#2557,.F.);
#2918 = ADVANCED_FACE('',(#2919),#2605,.T.);
#2919 = FACE_BOUND('',#2920,.F.);
#2920 = EDGE_LOOP('',(#2921,#2944,#2971,#2972));
#2921 = ORIENTED_EDGE('',*,*,#2922,.T.);
#2922 = EDGE_CURVE('',#2589,#2923,#2925,.T.);
#2923 = VERTEX_POINT('',#2924);
#2924 = CARTESIAN_POINT('',(50.25,-23.95,7.6));
#2925 = SEAM_CURVE('',#2926,(#2930,#2937),.PCURVE_S1.);
#2926 = LINE('',#2927,#2928);
#2927 = CARTESIAN_POINT('',(50.25,-23.95,2.));
#2928 = VECTOR('',#2929,1.);
#2929 = DIRECTION('',(0.,0.,1.));
#2930 = PCURVE('',#2605,#2931);
#2931 = DEFINITIONAL_REPRESENTATION('',(#2932),#2936);
#2932 = LINE('',#2933,#2934);
#2933 = CARTESIAN_POINT('',(-0.,0.));
#2934 = VECTOR('',#2935,1.);
#2935 = DIRECTION('',(-0.,-1.));
#2936 = ( GEOMETRIC_REPRESENTATION_CONTEXT(2) 
PARAMETRIC_REPRESENTATION_CONTEXT() REPRESENTATION_CONTEXT('2D SPACE',''
  ) );
#2937 = PCURVE('',#2605,#2938);
#2938 = DEFINITIONAL_REPRESENTATION('',(#2939),#2943);
#2939 = LINE('',#2940,#2941);
#2940 = CARTESIAN_POINT('',(-6.28318530718,0.));
#2941 = VECTOR('',#2942,1.);
#2942 = DIRECTION('',(-0.,-1.));
#2943 = ( GEOMETRIC_REPRESENTATION_CONTEXT(2) 
PARAMETRIC_REPRESENTATION_CONTEXT() REPRESENTATION_CONTEXT('2D SPACE',''
  ) );
#2944 = ORIENTED_EDGE('',*,*,#2945,.T.);
#2945 = EDGE_CURVE('',#2923,#2923,#2946,.T.);
#2946 = SURFACE_CURVE('',#2947,(#2952,#2959),.PCURVE_S1.);
#2947 = CIRCLE('',#2948,3.);
#2948 = AXIS2_PLACEMENT_3D('',#2949,#2950,#2951);
#2949 = CARTESIAN_POINT('',(47.25,-23.95,7.6));
#2950 = DIRECTION('',(0.,0.,1.));
#2951 = DIRECTION('',(1.,0.,0.));
#2952 = PCURVE('',#2605,#2953);
#2953 = DEFINITIONAL_REPRESENTATION('',(#2954),#2958);
#2954 = LINE('',#2955,#2956);
#2955 = CARTESIAN_POINT('',(-0.,-5.6));
#2956 = VECTOR('',#2957,1.);
#2957 = DIRECTION('',(-1.,0.));
#2958 = ( GEOMETRIC_REPRESENTATION_CONTEXT(2) 
PARAMETRIC_REPRESENTATION_CONTEXT() REPRESENTATION_CONTEXT('2D SPACE',''
  ) );
#2959 = PCURVE('',#2960,#2965);
#2960 = PLANE('',#2961);
#2961 = AXIS2_PLACEMENT_3D('',#2962,#2963,#2964);
#2962 = CARTESIAN_POINT('',(47.25,-23.95,7.6));
#2963 = DIRECTION('',(0.,0.,1.));
#2964 = DIRECTION('',(1.,0.,0.));
#2965 = DEFINITIONAL_REPRESENTATION('',(#2966),#2970);
#2966 = CIRCLE('',#2967,3.);
#2967 = AXIS2_PLACEMENT_2D('',#2968,#2969);
#2968 = CARTESIAN_POINT('',(2.279066887566E-16,8.51133553645E-18));
#2969 = DIRECTION('',(1.,0.));
#2970 = ( GEOMETRIC_REPRESENTATION_CONTEXT(2) 
PARAMETRIC_REPRESENTATION_CONTEXT() REPRESENTATION_CONTEXT('2D SPACE',''
  ) );
#2971 = ORIENTED_EDGE('',*,*,#2922,.F.);
#2972 = ORIENTED_EDGE('',*,*,#2588,.F.);
#2973 = ADVANCED_FACE('',(#2974),#2642,.T.);
#2974 = FACE_BOUND('',#2975,.F.);
#2975 = EDGE_LOOP('',(#2976,#2999,#3026,#3027));
#2976 = ORIENTED_EDGE('',*,*,#2977,.T.);
#2977 = EDGE_CURVE('',#2626,#2978,#2980,.T.);
#2978 = VERTEX_POINT('',#2979);
#2979 = CARTESIAN_POINT('',(-44.25,23.95,7.6));
#2980 = SEAM_CURVE('',#2981,(#2985,#2992),.PCURVE_S1.);
#2981 = LINE('',#2982,#2983);
#2982 = CARTESIAN_POINT('',(-44.25,23.95,2.));
#2983 = VECTOR('',#2984,1.);
#2984 = DIRECTION('',(0.,0.,1.));
#2985 = PCURVE('',#2642,#2986);
#2986 = DEFINITIONAL_REPRESENTATION('',(#2987),#2991);
#2987 = LINE('',#2988,#2989);
#2988 = CARTESIAN_POINT('',(-0.,0.));
#2989 = VECTOR('',#2990,1.);
#2990 = DIRECTION('',(-0.,-1.));
#2991 = ( GEOMETRIC_REPRESENTATION_CONTEXT(2) 
PARAMETRIC_REPRESENTATION_CONTEXT() REPRESENTATION_CONTEXT('2D SPACE',''
  ) );
#2992 = PCURVE('',#2642,#2993);
#2993 = DEFINITIONAL_REPRESENTATION('',(#2994),#2998);
#2994 = LINE('',#2995,#2996);
#2995 = CARTESIAN_POINT('',(-6.28318530718,0.));
#2996 = VECTOR('',#2997,1.);
#2997 = DIRECTION('',(-0.,-1.));
#2998 = ( GEOMETRIC_REPRESENTATION_CONTEXT(2) 
PARAMETRIC_REPRESENTATION_CONTEXT() REPRESENTATION_CONTEXT('2D SPACE',''
  ) );
#2999 = ORIENTED_EDGE('',*,*,#3000,.T.);
#3000 = EDGE_CURVE('',#2978,#2978,#3001,.T.);
#3001 = SURFACE_CURVE('',#3002,(#3007,#3014),.PCURVE_S1.);
#3002 = CIRCLE('',#3003,3.);
#3003 = AXIS2_PLACEMENT_3D('',#3004,#3005,#3006);
#3004 = CARTESIAN_POINT('',(-47.25,23.95,7.6));
#3005 = DIRECTION('',(0.,0.,1.));
#3006 = DIRECTION('',(1.,0.,0.));
#3007 = PCURVE('',#2642,#3008);
#3008 = DEFINITIONAL_REPRESENTATION('',(#3009),#3013);
#3009 = LINE('',#3010,#3011);
#3010 = CARTESIAN_POINT('',(-0.,-5.6));
#3011 = VECTOR('',#3012,1.);
#3012 = DIRECTION('',(-1.,0.));
#3013 = ( GEOMETRIC_REPRESENTATION_CONTEXT(2) 
PARAMETRIC_REPRESENTATION_CONTEXT() REPRESENTATION_CONTEXT('2D SPACE',''
  ) );
#3014 = PCURVE('',#3015,#3020);
#3015 = PLANE('',#3016);
#3016 = AXIS2_PLACEMENT_3D('',#3017,#3018,#3019);
#3017 = CARTESIAN_POINT('',(-47.25,23.95,7.6));
#3018 = DIRECTION('',(0.,0.,1.));
#3019 = DIRECTION('',(1.,0.,0.));
#3020 = DEFINITIONAL_REPRESENTATION('',(#3021),#3025);
#3021 = CIRCLE('',#3022,3.);
#3022 = AXIS2_PLACEMENT_2D('',#3023,#3024);
#3023 = CARTESIAN_POINT('',(2.279066887566E-16,8.51133553645E-18));
#3024 = DIRECTION('',(1.,0.));
#3025 = ( GEOMETRIC_REPRESENTATION_CONTEXT(2) 
PARAMETRIC_REPRESENTATION_CONTEXT() REPRESENTATION_CONTEXT('2D SPACE',''
  ) );
#3026 = ORIENTED_EDGE('',*,*,#2977,.F.);
#3027 = ORIENTED_EDGE('',*,*,#2625,.F.);
#3028 = ADVANCED_FACE('',(#3029),#2673,.T.);
#3029 = FACE_BOUND('',#3030,.F.);
#3030 = EDGE_LOOP('',(#3031,#3054,#3081,#3082));
#3031 = ORIENTED_EDGE('',*,*,#3032,.T.);
#3032 = EDGE_CURVE('',#2657,#3033,#3035,.T.);
#3033 = VERTEX_POINT('',#3034);
#3034 = CARTESIAN_POINT('',(-49.6,33.,18.));
#3035 = SEAM_CURVE('',#3036,(#3040,#3047),.PCURVE_S1.);
#3036 = LINE('',#3037,#3038);
#3037 = CARTESIAN_POINT('',(-49.6,33.,2.));
#3038 = VECTOR('',#3039,1.);
#3039 = DIRECTION('',(0.,0.,1.));
#3040 = PCURVE('',#2673,#3041);
#3041 = DEFINITIONAL_REPRESENTATION('',(#3042),#3046);
#3042 = LINE('',#3043,#3044);
#3043 = CARTESIAN_POINT('',(-0.,0.));
#3044 = VECTOR('',#3045,1.);
#3045 = DIRECTION('',(-0.,-1.));
#3046 = ( GEOMETRIC_REPRESENTATION_CONTEXT(2) 
PARAMETRIC_REPRESENTATION_CONTEXT() REPRESENTATION_CONTEXT('2D SPACE',''
  ) );
#3047 = PCURVE('',#2673,#3048);
#3048 = DEFINITIONAL_REPRESENTATION('',(#3049),#3053);
#3049 = LINE('',#3050,#3051);
#3050 = CARTESIAN_POINT('',(-6.28318530718,0.));
#3051 = VECTOR('',#3052,1.);
#3052 = DIRECTION('',(-0.,-1.));
#3053 = ( GEOMETRIC_REPRESENTATION_CONTEXT(2) 
PARAMETRIC_REPRESENTATION_CONTEXT() REPRESENTATION_CONTEXT('2D SPACE',''
  ) );
#3054 = ORIENTED_EDGE('',*,*,#3055,.T.);
#3055 = EDGE_CURVE('',#3033,#3033,#3056,.T.);
#3056 = SURFACE_CURVE('',#3057,(#3062,#3069),.PCURVE_S1.);
#3057 = CIRCLE('',#3058,3.4);
#3058 = AXIS2_PLACEMENT_3D('',#3059,#3060,#3061);
#3059 = CARTESIAN_POINT('',(-53.,33.,18.));
#3060 = DIRECTION('',(0.,0.,1.));
#3061 = DIRECTION('',(1.,0.,0.));
#3062 = PCURVE('',#2673,#3063);
#3063 = DEFINITIONAL_REPRESENTATION('',(#3064),#3068);
#3064 = LINE('',#3065,#3066);
#3065 = CARTESIAN_POINT('',(-0.,-16.));
#3066 = VECTOR('',#3067,1.);
#3067 = DIRECTION('',(-1.,0.));
#3068 = ( GEOMETRIC_REPRESENTATION_CONTEXT(2) 
PARAMETRIC_REPRESENTATION_CONTEXT() REPRESENTATION_CONTEXT('2D SPACE',''
  ) );
#3069 = PCURVE('',#3070,#3075);
#3070 = PLANE('',#3071);
#3071 = AXIS2_PLACEMENT_3D('',#3072,#3073,#3074);
#3072 = CARTESIAN_POINT('',(-53.,33.,18.));
#3073 = DIRECTION('',(0.,0.,1.));
#3074 = DIRECTION('',(1.,0.,0.));
#3075 = DEFINITIONAL_REPRESENTATION('',(#3076),#3080);
#3076 = CIRCLE('',#3077,3.4);
#3077 = AXIS2_PLACEMENT_2D('',#3078,#3079);
#3078 = CARTESIAN_POINT('',(1.005470685691E-16,-6.230083323478E-17));
#3079 = DIRECTION('',(1.,0.));
#3080 = ( GEOMETRIC_REPRESENTATION_CONTEXT(2) 
PARAMETRIC_REPRESENTATION_CONTEXT() REPRESENTATION_CONTEXT('2D SPACE',''
  ) );
#3081 = ORIENTED_EDGE('',*,*,#3032,.F.);
#3082 = ORIENTED_EDGE('',*,*,#2656,.F.);
#3083 = ADVANCED_FACE('',(#3084),#2704,.T.);
#3084 = FACE_BOUND('',#3085,.F.);
#3085 = EDGE_LOOP('',(#3086,#3109,#3136,#3137));
#3086 = ORIENTED_EDGE('',*,*,#3087,.T.);
#3087 = EDGE_CURVE('',#2688,#3088,#3090,.T.);
#3088 = VERTEX_POINT('',#3089);
#3089 = CARTESIAN_POINT('',(50.25,23.95,7.6));
#3090 = SEAM_CURVE('',#3091,(#3095,#3102),.PCURVE_S1.);
#3091 = LINE('',#3092,#3093);
#3092 = CARTESIAN_POINT('',(50.25,23.95,2.));
#3093 = VECTOR('',#3094,1.);
#3094 = DIRECTION('',(0.,0.,1.));
#3095 = PCURVE('',#2704,#3096);
#3096 = DEFINITIONAL_REPRESENTATION('',(#3097),#3101);
#3097 = LINE('',#3098,#3099);
#3098 = CARTESIAN_POINT('',(-0.,0.));
#3099 = VECTOR('',#3100,1.);
#3100 = DIRECTION('',(-0.,-1.));
#3101 = ( GEOMETRIC_REPRESENTATION_CONTEXT(2) 
PARAMETRIC_REPRESENTATION_CONTEXT() REPRESENTATION_CONTEXT('2D SPACE',''
  ) );
#3102 = PCURVE('',#2704,#3103);
#3103 = DEFINITIONAL_REPRESENTATION('',(#3104),#3108);
#3104 = LINE('',#3105,#3106);
#3105 = CARTESIAN_POINT('',(-6.28318530718,0.));
#3106 = VECTOR('',#3107,1.);
#3107 = DIRECTION('',(-0.,-1.));
#3108 = ( GEOMETRIC_REPRESENTATION_CONTEXT(2) 
PARAMETRIC_REPRESENTATION_CONTEXT() REPRESENTATION_CONTEXT('2D SPACE',''
  ) );
#3109 = ORIENTED_EDGE('',*,*,#3110,.T.);
#3110 = EDGE_CURVE('',#3088,#3088,#3111,.T.);
#3111 = SURFACE_CURVE('',#3112,(#3117,#3124),.PCURVE_S1.);
#3112 = CIRCLE('',#3113,3.);
#3113 = AXIS2_PLACEMENT_3D('',#3114,#3115,#3116);
#3114 = CARTESIAN_POINT('',(47.25,23.95,7.6));
#3115 = DIRECTION('',(0.,0.,1.));
#3116 = DIRECTION('',(1.,0.,0.));
#3117 = PCURVE('',#2704,#3118);
#3118 = DEFINITIONAL_REPRESENTATION('',(#3119),#3123);
#3119 = LINE('',#3120,#3121);
#3120 = CARTESIAN_POINT('',(-0.,-5.6));
#3121 = VECTOR('',#3122,1.);
#3122 = DIRECTION('',(-1.,0.));
#3123 = ( GEOMETRIC_REPRESENTATION_CONTEXT(2) 
PARAMETRIC_REPRESENTATION_CONTEXT() REPRESENTATION_CONTEXT('2D SPACE',''
  ) );
#3124 = PCURVE('',#3125,#3130);
#3125 = PLANE('',#3126);
#3126 = AXIS2_PLACEMENT_3D('',#3127,#3128,#3129);
#3127 = CARTESIAN_POINT('',(47.25,23.95,7.6));
#3128 = DIRECTION('',(0.,0.,1.));
#3129 = DIRECTION('',(1.,0.,0.));
#3130 = DEFINITIONAL_REPRESENTATION('',(#3131),#3135);
#3131 = CIRCLE('',#3132,3.);
#3132 = AXIS2_PLACEMENT_2D('',#3133,#3134);
#3133 = CARTESIAN_POINT('',(2.279066887566E-16,8.51133553645E-18));
#3134 = DIRECTION('',(1.,0.));
#3135 = ( GEOMETRIC_REPRESENTATION_CONTEXT(2) 
PARAMETRIC_REPRESENTATION_CONTEXT() REPRESENTATION_CONTEXT('2D SPACE',''
  ) );
#3136 = ORIENTED_EDGE('',*,*,#3087,.F.);
#3137 = ORIENTED_EDGE('',*,*,#2687,.F.);
#3138 = ADVANCED_FACE('',(#3139),#2735,.T.);
#3139 = FACE_BOUND('',#3140,.F.);
#3140 = EDGE_LOOP('',(#3141,#3164,#3191,#3192));
#3141 = ORIENTED_EDGE('',*,*,#3142,.T.);
#3142 = EDGE_CURVE('',#2719,#3143,#3145,.T.);
#3143 = VERTEX_POINT('',#3144);
#3144 = CARTESIAN_POINT('',(56.4,33.,18.));
#3145 = SEAM_CURVE('',#3146,(#3150,#3157),.PCURVE_S1.);
#3146 = LINE('',#3147,#3148);
#3147 = CARTESIAN_POINT('',(56.4,33.,2.));
#3148 = VECTOR('',#3149,1.);
#3149 = DIRECTION('',(0.,0.,1.));
#3150 = PCURVE('',#2735,#3151);
#3151 = DEFINITIONAL_REPRESENTATION('',(#3152),#3156);
#3152 = LINE('',#3153,#3154);
#3153 = CARTESIAN_POINT('',(-0.,0.));
#3154 = VECTOR('',#3155,1.);
#3155 = DIRECTION('',(-0.,-1.));
#3156 = ( GEOMETRIC_REPRESENTATION_CONTEXT(2) 
PARAMETRIC_REPRESENTATION_CONTEXT() REPRESENTATION_CONTEXT('2D SPACE',''
  ) );
#3157 = PCURVE('',#2735,#3158);
#3158 = DEFINITIONAL_REPRESENTATION('',(#3159),#3163);
#3159 = LINE('',#3160,#3161);
#3160 = CARTESIAN_POINT('',(-6.28318530718,0.));
#3161 = VECTOR('',#3162,1.);
#3162 = DIRECTION('',(-0.,-1.));
#3163 = ( GEOMETRIC_REPRESENTATION_CONTEXT(2) 
PARAMETRIC_REPRESENTATION_CONTEXT() REPRESENTATION_CONTEXT('2D SPACE',''
  ) );
#3164 = ORIENTED_EDGE('',*,*,#3165,.T.);
#3165 = EDGE_CURVE('',#3143,#3143,#3166,.T.);
#3166 = SURFACE_CURVE('',#3167,(#3172,#3179),.PCURVE_S1.);
#3167 = CIRCLE('',#3168,3.4);
#3168 = AXIS2_PLACEMENT_3D('',#3169,#3170,#3171);
#3169 = CARTESIAN_POINT('',(53.,33.,18.));
#3170 = DIRECTION('',(0.,0.,1.));
#3171 = DIRECTION('',(1.,0.,0.));
#3172 = PCURVE('',#2735,#3173);
#3173 = DEFINITIONAL_REPRESENTATION('',(#3174),#3178);
#3174 = LINE('',#3175,#3176);
#3175 = CARTESIAN_POINT('',(-0.,-16.));
#3176 = VECTOR('',#3177,1.);
#3177 = DIRECTION('',(-1.,0.));
#3178 = ( GEOMETRIC_REPRESENTATION_CONTEXT(2) 
PARAMETRIC_REPRESENTATION_CONTEXT() REPRESENTATION_CONTEXT('2D SPACE',''
  ) );
#3179 = PCURVE('',#3180,#3185);
#3180 = PLANE('',#3181);
#3181 = AXIS2_PLACEMENT_3D('',#3182,#3183,#3184);
#3182 = CARTESIAN_POINT('',(53.,33.,18.));
#3183 = DIRECTION('',(0.,0.,1.));
#3184 = DIRECTION('',(1.,0.,0.));
#3185 = DEFINITIONAL_REPRESENTATION('',(#3186),#3190);
#3186 = CIRCLE('',#3187,3.4);
#3187 = AXIS2_PLACEMENT_2D('',#3188,#3189);
#3188 = CARTESIAN_POINT('',(1.005470685691E-16,-6.230083323478E-17));
#3189 = DIRECTION('',(1.,0.));
#3190 = ( GEOMETRIC_REPRESENTATION_CONTEXT(2) 
PARAMETRIC_REPRESENTATION_CONTEXT() REPRESENTATION_CONTEXT('2D SPACE',''
  ) );
#3191 = ORIENTED_EDGE('',*,*,#3142,.F.);
#3192 = ORIENTED_EDGE('',*,*,#2718,.F.);
#3193 = ADVANCED_FACE('',(#3194,#3197),#2795,.T.);
#3194 = FACE_BOUND('',#3195,.T.);
#3195 = EDGE_LOOP('',(#3196));
#3196 = ORIENTED_EDGE('',*,*,#2780,.T.);
#3197 = FACE_BOUND('',#3198,.T.);
#3198 = EDGE_LOOP('',(#3199));
#3199 = ORIENTED_EDGE('',*,*,#3200,.T.);
#3200 = EDGE_CURVE('',#3201,#3201,#3203,.T.);
#3201 = VERTEX_POINT('',#3202);
#3202 = CARTESIAN_POINT('',(-51.5,-33.,18.));
#3203 = SURFACE_CURVE('',#3204,(#3209,#3220),.PCURVE_S1.);
#3204 = CIRCLE('',#3205,1.5);
#3205 = AXIS2_PLACEMENT_3D('',#3206,#3207,#3208);
#3206 = CARTESIAN_POINT('',(-53.,-33.,18.));
#3207 = DIRECTION('',(0.,0.,-1.));
#3208 = DIRECTION('',(1.,0.,0.));
#3209 = PCURVE('',#2795,#3210);
#3210 = DEFINITIONAL_REPRESENTATION('',(#3211),#3219);
#3211 = ( BOUNDED_CURVE() B_SPLINE_CURVE(2,(#3212,#3213,#3214,#3215,
#3216,#3217,#3218),.UNSPECIFIED.,.T.,.F.) B_SPLINE_CURVE_WITH_KNOTS((1,2
    ,2,2,2,1),(-2.094395102393,0.,2.094395102393,4.188790204786,
6.28318530718,8.377580409573),.UNSPECIFIED.) CURVE() 
GEOMETRIC_REPRESENTATION_ITEM() RATIONAL_B_SPLINE_CURVE((1.,0.5,1.,0.5,
1.,0.5,1.)) REPRESENTATION_ITEM('') );
#3212 = CARTESIAN_POINT('',(1.5,0.));
#3213 = CARTESIAN_POINT('',(1.5,-2.598076211353));
#3214 = CARTESIAN_POINT('',(-0.75,-1.299038105677));
#3215 = CARTESIAN_POINT('',(-3.,-3.673940397442E-16));
#3216 = CARTESIAN_POINT('',(-0.75,1.299038105677));
#3217 = CARTESIAN_POINT('',(1.5,2.598076211353));
#3218 = CARTESIAN_POINT('',(1.5,0.));
#3219 = ( GEOMETRIC_REPRESENTATION_CONTEXT(2) 
PARAMETRIC_REPRESENTATION_CONTEXT() REPRESENTATION_CONTEXT('2D SPACE',''
  ) );
#3220 = PCURVE('',#3221,#3226);
#3221 = CYLINDRICAL_SURFACE('',#3222,1.5);
#3222 = AXIS2_PLACEMENT_3D('',#3223,#3224,#3225);
#3223 = CARTESIAN_POINT('',(-53.,-33.,2.));
#3224 = DIRECTION('',(-0.,-0.,-1.));
#3225 = DIRECTION('',(1.,0.,0.));
#3226 = DEFINITIONAL_REPRESENTATION('',(#3227),#3231);
#3227 = LINE('',#3228,#3229);
#3228 = CARTESIAN_POINT('',(-6.28318530718,-16.));
#3229 = VECTOR('',#3230,1.);
#3230 = DIRECTION('',(1.,-0.));
#3231 = ( GEOMETRIC_REPRESENTATION_CONTEXT(2) 
PARAMETRIC_REPRESENTATION_CONTEXT() REPRESENTATION_CONTEXT('2D SPACE',''
  ) );
#3232 = ADVANCED_FACE('',(#3233,#3236),#2850,.T.);
#3233 = FACE_BOUND('',#3234,.T.);
#3234 = EDGE_LOOP('',(#3235));
#3235 = ORIENTED_EDGE('',*,*,#2835,.T.);
#3236 = FACE_BOUND('',#3237,.T.);
#3237 = EDGE_LOOP('',(#3238));
#3238 = ORIENTED_EDGE('',*,*,#3239,.T.);
#3239 = EDGE_CURVE('',#3240,#3240,#3242,.T.);
#3240 = VERTEX_POINT('',#3241);
#3241 = CARTESIAN_POINT('',(-46.1,-23.95,7.6));
#3242 = SURFACE_CURVE('',#3243,(#3248,#3259),.PCURVE_S1.);
#3243 = CIRCLE('',#3244,1.15);
#3244 = AXIS2_PLACEMENT_3D('',#3245,#3246,#3247);
#3245 = CARTESIAN_POINT('',(-47.25,-23.95,7.6));
#3246 = DIRECTION('',(0.,0.,-1.));
#3247 = DIRECTION('',(1.,0.,0.));
#3248 = PCURVE('',#2850,#3249);
#3249 = DEFINITIONAL_REPRESENTATION('',(#3250),#3258);
#3250 = ( BOUNDED_CURVE() B_SPLINE_CURVE(2,(#3251,#3252,#3253,#3254,
#3255,#3256,#3257),.UNSPECIFIED.,.T.,.F.) B_SPLINE_CURVE_WITH_KNOTS((1,2
    ,2,2,2,1),(-2.094395102393,0.,2.094395102393,4.188790204786,
6.28318530718,8.377580409573),.UNSPECIFIED.) CURVE() 
GEOMETRIC_REPRESENTATION_ITEM() RATIONAL_B_SPLINE_CURVE((1.,0.5,1.,0.5,
1.,0.5,1.)) REPRESENTATION_ITEM('') );
#3251 = CARTESIAN_POINT('',(1.15,0.));
#3252 = CARTESIAN_POINT('',(1.15,-1.991858428704));
#3253 = CARTESIAN_POINT('',(-0.575,-0.995929214352));
#3254 = CARTESIAN_POINT('',(-2.3,-2.816687638039E-16));
#3255 = CARTESIAN_POINT('',(-0.575,0.995929214352));
#3256 = CARTESIAN_POINT('',(1.15,1.991858428704));
#3257 = CARTESIAN_POINT('',(1.15,0.));
#3258 = ( GEOMETRIC_REPRESENTATION_CONTEXT(2) 
PARAMETRIC_REPRESENTATION_CONTEXT() REPRESENTATION_CONTEXT('2D SPACE',''
  ) );
#3259 = PCURVE('',#3260,#3265);
#3260 = CYLINDRICAL_SURFACE('',#3261,1.15);
#3261 = AXIS2_PLACEMENT_3D('',#3262,#3263,#3264);
#3262 = CARTESIAN_POINT('',(-47.25,-23.95,2.));
#3263 = DIRECTION('',(-0.,-0.,-1.));
#3264 = DIRECTION('',(1.,0.,0.));
#3265 = DEFINITIONAL_REPRESENTATION('',(#3266),#3270);
#3266 = LINE('',#3267,#3268);
#3267 = CARTESIAN_POINT('',(-6.28318530718,-5.6));
#3268 = VECTOR('',#3269,1.);
#3269 = DIRECTION('',(1.,-0.));
#3270 = ( GEOMETRIC_REPRESENTATION_CONTEXT(2) 
PARAMETRIC_REPRESENTATION_CONTEXT() REPRESENTATION_CONTEXT('2D SPACE',''
  ) );
#3271 = ADVANCED_FACE('',(#3272,#3275),#2905,.T.);
#3272 = FACE_BOUND('',#3273,.T.);
#3273 = EDGE_LOOP('',(#3274));
#3274 = ORIENTED_EDGE('',*,*,#2890,.T.);
#3275 = FACE_BOUND('',#3276,.T.);
#3276 = EDGE_LOOP('',(#3277));
#3277 = ORIENTED_EDGE('',*,*,#3278,.T.);
#3278 = EDGE_CURVE('',#3279,#3279,#3281,.T.);
#3279 = VERTEX_POINT('',#3280);
#3280 = CARTESIAN_POINT('',(54.5,-33.,18.));
#3281 = SURFACE_CURVE('',#3282,(#3287,#3298),.PCURVE_S1.);
#3282 = CIRCLE('',#3283,1.5);
#3283 = AXIS2_PLACEMENT_3D('',#3284,#3285,#3286);
#3284 = CARTESIAN_POINT('',(53.,-33.,18.));
#3285 = DIRECTION('',(0.,0.,-1.));
#3286 = DIRECTION('',(1.,0.,0.));
#3287 = PCURVE('',#2905,#3288);
#3288 = DEFINITIONAL_REPRESENTATION('',(#3289),#3297);
#3289 = ( BOUNDED_CURVE() B_SPLINE_CURVE(2,(#3290,#3291,#3292,#3293,
#3294,#3295,#3296),.UNSPECIFIED.,.T.,.F.) B_SPLINE_CURVE_WITH_KNOTS((1,2
    ,2,2,2,1),(-2.094395102393,0.,2.094395102393,4.188790204786,
6.28318530718,8.377580409573),.UNSPECIFIED.) CURVE() 
GEOMETRIC_REPRESENTATION_ITEM() RATIONAL_B_SPLINE_CURVE((1.,0.5,1.,0.5,
1.,0.5,1.)) REPRESENTATION_ITEM('') );
#3290 = CARTESIAN_POINT('',(1.5,0.));
#3291 = CARTESIAN_POINT('',(1.5,-2.598076211353));
#3292 = CARTESIAN_POINT('',(-0.75,-1.299038105677));
#3293 = CARTESIAN_POINT('',(-3.,-3.673940397442E-16));
#3294 = CARTESIAN_POINT('',(-0.75,1.299038105677));
#3295 = CARTESIAN_POINT('',(1.5,2.598076211353));
#3296 = CARTESIAN_POINT('',(1.5,0.));
#3297 = ( GEOMETRIC_REPRESENTATION_CONTEXT(2) 
PARAMETRIC_REPRESENTATION_CONTEXT() REPRESENTATION_CONTEXT('2D SPACE',''
  ) );
#3298 = PCURVE('',#3299,#3304);
#3299 = CYLINDRICAL_SURFACE('',#3300,1.5);
#3300 = AXIS2_PLACEMENT_3D('',#3301,#3302,#3303);
#3301 = CARTESIAN_POINT('',(53.,-33.,2.));
#3302 = DIRECTION('',(-0.,-0.,-1.));
#3303 = DIRECTION('',(1.,0.,0.));
#3304 = DEFINITIONAL_REPRESENTATION('',(#3305),#3309);
#3305 = LINE('',#3306,#3307);
#3306 = CARTESIAN_POINT('',(-6.28318530718,-16.));
#3307 = VECTOR('',#3308,1.);
#3308 = DIRECTION('',(1.,-0.));
#3309 = ( GEOMETRIC_REPRESENTATION_CONTEXT(2) 
PARAMETRIC_REPRESENTATION_CONTEXT() REPRESENTATION_CONTEXT('2D SPACE',''
  ) );
#3310 = ADVANCED_FACE('',(#3311,#3314),#2960,.T.);
#3311 = FACE_BOUND('',#3312,.T.);
#3312 = EDGE_LOOP('',(#3313));
#3313 = ORIENTED_EDGE('',*,*,#2945,.T.);
#3314 = FACE_BOUND('',#3315,.T.);
#3315 = EDGE_LOOP('',(#3316));
#3316 = ORIENTED_EDGE('',*,*,#3317,.T.);
#3317 = EDGE_CURVE('',#3318,#3318,#3320,.T.);
#3318 = VERTEX_POINT('',#3319);
#3319 = CARTESIAN_POINT('',(48.4,-23.95,7.6));
#3320 = SURFACE_CURVE('',#3321,(#3326,#3337),.PCURVE_S1.);
#3321 = CIRCLE('',#3322,1.15);
#3322 = AXIS2_PLACEMENT_3D('',#3323,#3324,#3325);
#3323 = CARTESIAN_POINT('',(47.25,-23.95,7.6));
#3324 = DIRECTION('',(0.,0.,-1.));
#3325 = DIRECTION('',(1.,0.,0.));
#3326 = PCURVE('',#2960,#3327);
#3327 = DEFINITIONAL_REPRESENTATION('',(#3328),#3336);
#3328 = ( BOUNDED_CURVE() B_SPLINE_CURVE(2,(#3329,#3330,#3331,#3332,
#3333,#3334,#3335),.UNSPECIFIED.,.T.,.F.) B_SPLINE_CURVE_WITH_KNOTS((1,2
    ,2,2,2,1),(-2.094395102393,0.,2.094395102393,4.188790204786,
6.28318530718,8.377580409573),.UNSPECIFIED.) CURVE() 
GEOMETRIC_REPRESENTATION_ITEM() RATIONAL_B_SPLINE_CURVE((1.,0.5,1.,0.5,
1.,0.5,1.)) REPRESENTATION_ITEM('') );
#3329 = CARTESIAN_POINT('',(1.15,0.));
#3330 = CARTESIAN_POINT('',(1.15,-1.991858428704));
#3331 = CARTESIAN_POINT('',(-0.575,-0.995929214352));
#3332 = CARTESIAN_POINT('',(-2.3,-2.816687638039E-16));
#3333 = CARTESIAN_POINT('',(-0.575,0.995929214352));
#3334 = CARTESIAN_POINT('',(1.15,1.991858428704));
#3335 = CARTESIAN_POINT('',(1.15,0.));
#3336 = ( GEOMETRIC_REPRESENTATION_CONTEXT(2) 
PARAMETRIC_REPRESENTATION_CONTEXT() REPRESENTATION_CONTEXT('2D SPACE',''
  ) );
#3337 = PCURVE('',#3338,#3343);
#3338 = CYLINDRICAL_SURFACE('',#3339,1.15);
#3339 = AXIS2_PLACEMENT_3D('',#3340,#3341,#3342);
#3340 = CARTESIAN_POINT('',(47.25,-23.95,2.));
#3341 = DIRECTION('',(-0.,-0.,-1.));
#3342 = DIRECTION('',(1.,0.,0.));
#3343 = DEFINITIONAL_REPRESENTATION('',(#3344),#3348);
#3344 = LINE('',#3345,#3346);
#3345 = CARTESIAN_POINT('',(-6.28318530718,-5.6));
#3346 = VECTOR('',#3347,1.);
#3347 = DIRECTION('',(1.,-0.));
#3348 = ( GEOMETRIC_REPRESENTATION_CONTEXT(2) 
PARAMETRIC_REPRESENTATION_CONTEXT() REPRESENTATION_CONTEXT('2D SPACE',''
  ) );
#3349 = ADVANCED_FACE('',(#3350,#3353),#3015,.T.);
#3350 = FACE_BOUND('',#3351,.T.);
#3351 = EDGE_LOOP('',(#3352));
#3352 = ORIENTED_EDGE('',*,*,#3000,.T.);
#3353 = FACE_BOUND('',#3354,.T.);
#3354 = EDGE_LOOP('',(#3355));
#3355 = ORIENTED_EDGE('',*,*,#3356,.T.);
#3356 = EDGE_CURVE('',#3357,#3357,#3359,.T.);
#3357 = VERTEX_POINT('',#3358);
#3358 = CARTESIAN_POINT('',(-46.1,23.95,7.6));
#3359 = SURFACE_CURVE('',#3360,(#3365,#3376),.PCURVE_S1.);
#3360 = CIRCLE('',#3361,1.15);
#3361 = AXIS2_PLACEMENT_3D('',#3362,#3363,#3364);
#3362 = CARTESIAN_POINT('',(-47.25,23.95,7.6));
#3363 = DIRECTION('',(0.,0.,-1.));
#3364 = DIRECTION('',(1.,0.,0.));
#3365 = PCURVE('',#3015,#3366);
#3366 = DEFINITIONAL_REPRESENTATION('',(#3367),#3375);
#3367 = ( BOUNDED_CURVE() B_SPLINE_CURVE(2,(#3368,#3369,#3370,#3371,
#3372,#3373,#3374),.UNSPECIFIED.,.T.,.F.) B_SPLINE_CURVE_WITH_KNOTS((1,2
    ,2,2,2,1),(-2.094395102393,0.,2.094395102393,4.188790204786,
6.28318530718,8.377580409573),.UNSPECIFIED.) CURVE() 
GEOMETRIC_REPRESENTATION_ITEM() RATIONAL_B_SPLINE_CURVE((1.,0.5,1.,0.5,
1.,0.5,1.)) REPRESENTATION_ITEM('') );
#3368 = CARTESIAN_POINT('',(1.15,0.));
#3369 = CARTESIAN_POINT('',(1.15,-1.991858428704));
#3370 = CARTESIAN_POINT('',(-0.575,-0.995929214352));
#3371 = CARTESIAN_POINT('',(-2.3,-2.816687638039E-16));
#3372 = CARTESIAN_POINT('',(-0.575,0.995929214352));
#3373 = CARTESIAN_POINT('',(1.15,1.991858428704));
#3374 = CARTESIAN_POINT('',(1.15,0.));
#3375 = ( GEOMETRIC_REPRESENTATION_CONTEXT(2) 
PARAMETRIC_REPRESENTATION_CONTEXT() REPRESENTATION_CONTEXT('2D SPACE',''
  ) );
#3376 = PCURVE('',#3377,#3382);
#3377 = CYLINDRICAL_SURFACE('',#3378,1.15);
#3378 = AXIS2_PLACEMENT_3D('',#3379,#3380,#3381);
#3379 = CARTESIAN_POINT('',(-47.25,23.95,2.));
#3380 = DIRECTION('',(-0.,-0.,-1.));
#3381 = DIRECTION('',(1.,0.,0.));
#3382 = DEFINITIONAL_REPRESENTATION('',(#3383),#3387);
#3383 = LINE('',#3384,#3385);
#3384 = CARTESIAN_POINT('',(-6.28318530718,-5.6));
#3385 = VECTOR('',#3386,1.);
#3386 = DIRECTION('',(1.,-0.));
#3387 = ( GEOMETRIC_REPRESENTATION_CONTEXT(2) 
PARAMETRIC_REPRESENTATION_CONTEXT() REPRESENTATION_CONTEXT('2D SPACE',''
  ) );
#3388 = ADVANCED_FACE('',(#3389,#3392),#3070,.T.);
#3389 = FACE_BOUND('',#3390,.T.);
#3390 = EDGE_LOOP('',(#3391));
#3391 = ORIENTED_EDGE('',*,*,#3055,.T.);
#3392 = FACE_BOUND('',#3393,.T.);
#3393 = EDGE_LOOP('',(#3394));
#3394 = ORIENTED_EDGE('',*,*,#3395,.T.);
#3395 = EDGE_CURVE('',#3396,#3396,#3398,.T.);
#3396 = VERTEX_POINT('',#3397);
#3397 = CARTESIAN_POINT('',(-51.5,33.,18.));
#3398 = SURFACE_CURVE('',#3399,(#3404,#3415),.PCURVE_S1.);
#3399 = CIRCLE('',#3400,1.5);
#3400 = AXIS2_PLACEMENT_3D('',#3401,#3402,#3403);
#3401 = CARTESIAN_POINT('',(-53.,33.,18.));
#3402 = DIRECTION('',(0.,0.,-1.));
#3403 = DIRECTION('',(1.,0.,0.));
#3404 = PCURVE('',#3070,#3405);
#3405 = DEFINITIONAL_REPRESENTATION('',(#3406),#3414);
#3406 = ( BOUNDED_CURVE() B_SPLINE_CURVE(2,(#3407,#3408,#3409,#3410,
#3411,#3412,#3413),.UNSPECIFIED.,.T.,.F.) B_SPLINE_CURVE_WITH_KNOTS((1,2
    ,2,2,2,1),(-2.094395102393,0.,2.094395102393,4.188790204786,
6.28318530718,8.377580409573),.UNSPECIFIED.) CURVE() 
GEOMETRIC_REPRESENTATION_ITEM() RATIONAL_B_SPLINE_CURVE((1.,0.5,1.,0.5,
1.,0.5,1.)) REPRESENTATION_ITEM('') );
#3407 = CARTESIAN_POINT('',(1.5,0.));
#3408 = CARTESIAN_POINT('',(1.5,-2.598076211353));
#3409 = CARTESIAN_POINT('',(-0.75,-1.299038105677));
#3410 = CARTESIAN_POINT('',(-3.,-3.673940397442E-16));
#3411 = CARTESIAN_POINT('',(-0.75,1.299038105677));
#3412 = CARTESIAN_POINT('',(1.5,2.598076211353));
#3413 = CARTESIAN_POINT('',(1.5,0.));
#3414 = ( GEOMETRIC_REPRESENTATION_CONTEXT(2) 
PARAMETRIC_REPRESENTATION_CONTEXT() REPRESENTATION_CONTEXT('2D SPACE',''
  ) );
#3415 = PCURVE('',#3416,#3421);
#3416 = CYLINDRICAL_SURFACE('',#3417,1.5);
#3417 = AXIS2_PLACEMENT_3D('',#3418,#3419,#3420);
#3418 = CARTESIAN_POINT('',(-53.,33.,2.));
#3419 = DIRECTION('',(-0.,-0.,-1.));
#3420 = DIRECTION('',(1.,0.,0.));
#3421 = DEFINITIONAL_REPRESENTATION('',(#3422),#3426);
#3422 = LINE('',#3423,#3424);
#3423 = CARTESIAN_POINT('',(-6.28318530718,-16.));
#3424 = VECTOR('',#3425,1.);
#3425 = DIRECTION('',(1.,-0.));
#3426 = ( GEOMETRIC_REPRESENTATION_CONTEXT(2) 
PARAMETRIC_REPRESENTATION_CONTEXT() REPRESENTATION_CONTEXT('2D SPACE',''
  ) );
#3427 = ADVANCED_FACE('',(#3428,#3431),#3125,.T.);
#3428 = FACE_BOUND('',#3429,.T.);
#3429 = EDGE_LOOP('',(#3430));
#3430 = ORIENTED_EDGE('',*,*,#3110,.T.);
#3431 = FACE_BOUND('',#3432,.T.);
#3432 = EDGE_LOOP('',(#3433));
#3433 = ORIENTED_EDGE('',*,*,#3434,.T.);
#3434 = EDGE_CURVE('',#3435,#3435,#3437,.T.);
#3435 = VERTEX_POINT('',#3436);
#3436 = CARTESIAN_POINT('',(48.4,23.95,7.6));
#3437 = SURFACE_CURVE('',#3438,(#3443,#3454),.PCURVE_S1.);
#3438 = CIRCLE('',#3439,1.15);
#3439 = AXIS2_PLACEMENT_3D('',#3440,#3441,#3442);
#3440 = CARTESIAN_POINT('',(47.25,23.95,7.6));
#3441 = DIRECTION('',(0.,0.,-1.));
#3442 = DIRECTION('',(1.,0.,0.));
#3443 = PCURVE('',#3125,#3444);
#3444 = DEFINITIONAL_REPRESENTATION('',(#3445),#3453);
#3445 = ( BOUNDED_CURVE() B_SPLINE_CURVE(2,(#3446,#3447,#3448,#3449,
#3450,#3451,#3452),.UNSPECIFIED.,.T.,.F.) B_SPLINE_CURVE_WITH_KNOTS((1,2
    ,2,2,2,1),(-2.094395102393,0.,2.094395102393,4.188790204786,
6.28318530718,8.377580409573),.UNSPECIFIED.) CURVE() 
GEOMETRIC_REPRESENTATION_ITEM() RATIONAL_B_SPLINE_CURVE((1.,0.5,1.,0.5,
1.,0.5,1.)) REPRESENTATION_ITEM('') );
#3446 = CARTESIAN_POINT('',(1.15,0.));
#3447 = CARTESIAN_POINT('',(1.15,-1.991858428704));
#3448 = CARTESIAN_POINT('',(-0.575,-0.995929214352));
#3449 = CARTESIAN_POINT('',(-2.3,-2.816687638039E-16));
#3450 = CARTESIAN_POINT('',(-0.575,0.995929214352));
#3451 = CARTESIAN_POINT('',(1.15,1.991858428704));
#3452 = CARTESIAN_POINT('',(1.15,0.));
#3453 = ( GEOMETRIC_REPRESENTATION_CONTEXT(2) 
PARAMETRIC_REPRESENTATION_CONTEXT() REPRESENTATION_CONTEXT('2D SPACE',''
  ) );
#3454 = PCURVE('',#3455,#3460);
#3455 = CYLINDRICAL_SURFACE('',#3456,1.15);
#3456 = AXIS2_PLACEMENT_3D('',#3457,#3458,#3459);
#3457 = CARTESIAN_POINT('',(47.25,23.95,2.));
#3458 = DIRECTION('',(-0.,-0.,-1.));
#3459 = DIRECTION('',(1.,0.,0.));
#3460 = DEFINITIONAL_REPRESENTATION('',(#3461),#3465);
#3461 = LINE('',#3462,#3463);
#3462 = CARTESIAN_POINT('',(-6.28318530718,-5.6));
#3463 = VECTOR('',#3464,1.);
#3464 = DIRECTION('',(1.,-0.));
#3465 = ( GEOMETRIC_REPRESENTATION_CONTEXT(2) 
PARAMETRIC_REPRESENTATION_CONTEXT() REPRESENTATION_CONTEXT('2D SPACE',''
  ) );
#3466 = ADVANCED_FACE('',(#3467,#3470),#3180,.T.);
#3467 = FACE_BOUND('',#3468,.T.);
#3468 = EDGE_LOOP('',(#3469));
#3469 = ORIENTED_EDGE('',*,*,#3165,.T.);
#3470 = FACE_BOUND('',#3471,.T.);
#3471 = EDGE_LOOP('',(#3472));
#3472 = ORIENTED_EDGE('',*,*,#3473,.T.);
#3473 = EDGE_CURVE('',#3474,#3474,#3476,.T.);
#3474 = VERTEX_POINT('',#3475);
#3475 = CARTESIAN_POINT('',(54.5,33.,18.));
#3476 = SURFACE_CURVE('',#3477,(#3482,#3493),.PCURVE_S1.);
#3477 = CIRCLE('',#3478,1.5);
#3478 = AXIS2_PLACEMENT_3D('',#3479,#3480,#3481);
#3479 = CARTESIAN_POINT('',(53.,33.,18.));
#3480 = DIRECTION('',(0.,0.,-1.));
#3481 = DIRECTION('',(1.,0.,0.));
#3482 = PCURVE('',#3180,#3483);
#3483 = DEFINITIONAL_REPRESENTATION('',(#3484),#3492);
#3484 = ( BOUNDED_CURVE() B_SPLINE_CURVE(2,(#3485,#3486,#3487,#3488,
#3489,#3490,#3491),.UNSPECIFIED.,.T.,.F.) B_SPLINE_CURVE_WITH_KNOTS((1,2
    ,2,2,2,1),(-2.094395102393,0.,2.094395102393,4.188790204786,
6.28318530718,8.377580409573),.UNSPECIFIED.) CURVE() 
GEOMETRIC_REPRESENTATION_ITEM() RATIONAL_B_SPLINE_CURVE((1.,0.5,1.,0.5,
1.,0.5,1.)) REPRESENTATION_ITEM('') );
#3485 = CARTESIAN_POINT('',(1.5,0.));
#3486 = CARTESIAN_POINT('',(1.5,-2.598076211353));
#3487 = CARTESIAN_POINT('',(-0.75,-1.299038105677));
#3488 = CARTESIAN_POINT('',(-3.,-3.673940397442E-16));
#3489 = CARTESIAN_POINT('',(-0.75,1.299038105677));
#3490 = CARTESIAN_POINT('',(1.5,2.598076211353));
#3491 = CARTESIAN_POINT('',(1.5,0.));
#3492 = ( GEOMETRIC_REPRESENTATION_CONTEXT(2) 
PARAMETRIC_REPRESENTATION_CONTEXT() REPRESENTATION_CONTEXT('2D SPACE',''
  ) );
#3493 = PCURVE('',#3494,#3499);
#3494 = CYLINDRICAL_SURFACE('',#3495,1.5);
#3495 = AXIS2_PLACEMENT_3D('',#3496,#3497,#3498);
#3496 = CARTESIAN_POINT('',(53.,33.,2.));
#3497 = DIRECTION('',(-0.,-0.,-1.));
#3498 = DIRECTION('',(1.,0.,0.));
#3499 = DEFINITIONAL_REPRESENTATION('',(#3500),#3504);
#3500 = LINE('',#3501,#3502);
#3501 = CARTESIAN_POINT('',(-6.28318530718,-16.));
#3502 = VECTOR('',#3503,1.);
#3503 = DIRECTION('',(1.,-0.));
#3504 = ( GEOMETRIC_REPRESENTATION_CONTEXT(2) 
PARAMETRIC_REPRESENTATION_CONTEXT() REPRESENTATION_CONTEXT('2D SPACE',''
  ) );
#3505 = ADVANCED_FACE('',(#3506),#3221,.F.);
#3506 = FACE_BOUND('',#3507,.T.);
#3507 = EDGE_LOOP('',(#3508,#3537,#3558,#3559));
#3508 = ORIENTED_EDGE('',*,*,#3509,.F.);
#3509 = EDGE_CURVE('',#3510,#3510,#3512,.T.);
#3510 = VERTEX_POINT('',#3511);
#3511 = CARTESIAN_POINT('',(-51.5,-33.,2.));
#3512 = SURFACE_CURVE('',#3513,(#3518,#3525),.PCURVE_S1.);
#3513 = CIRCLE('',#3514,1.5);
#3514 = AXIS2_PLACEMENT_3D('',#3515,#3516,#3517);
#3515 = CARTESIAN_POINT('',(-53.,-33.,2.));
#3516 = DIRECTION('',(0.,0.,1.));
#3517 = DIRECTION('',(1.,0.,0.));
#3518 = PCURVE('',#3221,#3519);
#3519 = DEFINITIONAL_REPRESENTATION('',(#3520),#3524);
#3520 = LINE('',#3521,#3522);
#3521 = CARTESIAN_POINT('',(-0.,0.));
#3522 = VECTOR('',#3523,1.);
#3523 = DIRECTION('',(-1.,0.));
#3524 = ( GEOMETRIC_REPRESENTATION_CONTEXT(2) 
PARAMETRIC_REPRESENTATION_CONTEXT() REPRESENTATION_CONTEXT('2D SPACE',''
  ) );
#3525 = PCURVE('',#3526,#3531);
#3526 = PLANE('',#3527);
#3527 = AXIS2_PLACEMENT_3D('',#3528,#3529,#3530);
#3528 = CARTESIAN_POINT('',(-53.,-33.,2.));
#3529 = DIRECTION('',(0.,0.,1.));
#3530 = DIRECTION('',(1.,0.,0.));
#3531 = DEFINITIONAL_REPRESENTATION('',(#3532),#3536);
#3532 = CIRCLE('',#3533,1.5);
#3533 = AXIS2_PLACEMENT_2D('',#3534,#3535);
#3534 = CARTESIAN_POINT('',(1.139533443783E-16,4.255667768225E-18));
#3535 = DIRECTION('',(1.,0.));
#3536 = ( GEOMETRIC_REPRESENTATION_CONTEXT(2) 
PARAMETRIC_REPRESENTATION_CONTEXT() REPRESENTATION_CONTEXT('2D SPACE',''
  ) );
#3537 = ORIENTED_EDGE('',*,*,#3538,.T.);
#3538 = EDGE_CURVE('',#3510,#3201,#3539,.T.);
#3539 = SEAM_CURVE('',#3540,(#3544,#3551),.PCURVE_S1.);
#3540 = LINE('',#3541,#3542);
#3541 = CARTESIAN_POINT('',(-51.5,-33.,2.));
#3542 = VECTOR('',#3543,1.);
#3543 = DIRECTION('',(0.,0.,1.));
#3544 = PCURVE('',#3221,#3545);
#3545 = DEFINITIONAL_REPRESENTATION('',(#3546),#3550);
#3546 = LINE('',#3547,#3548);
#3547 = CARTESIAN_POINT('',(-6.28318530718,0.));
#3548 = VECTOR('',#3549,1.);
#3549 = DIRECTION('',(-0.,-1.));
#3550 = ( GEOMETRIC_REPRESENTATION_CONTEXT(2) 
PARAMETRIC_REPRESENTATION_CONTEXT() REPRESENTATION_CONTEXT('2D SPACE',''
  ) );
#3551 = PCURVE('',#3221,#3552);
#3552 = DEFINITIONAL_REPRESENTATION('',(#3553),#3557);
#3553 = LINE('',#3554,#3555);
#3554 = CARTESIAN_POINT('',(-0.,0.));
#3555 = VECTOR('',#3556,1.);
#3556 = DIRECTION('',(-0.,-1.));
#3557 = ( GEOMETRIC_REPRESENTATION_CONTEXT(2) 
PARAMETRIC_REPRESENTATION_CONTEXT() REPRESENTATION_CONTEXT('2D SPACE',''
  ) );
#3558 = ORIENTED_EDGE('',*,*,#3200,.F.);
#3559 = ORIENTED_EDGE('',*,*,#3538,.F.);
#3560 = ADVANCED_FACE('',(#3561),#3260,.F.);
#3561 = FACE_BOUND('',#3562,.T.);
#3562 = EDGE_LOOP('',(#3563,#3592,#3613,#3614));
#3563 = ORIENTED_EDGE('',*,*,#3564,.F.);
#3564 = EDGE_CURVE('',#3565,#3565,#3567,.T.);
#3565 = VERTEX_POINT('',#3566);
#3566 = CARTESIAN_POINT('',(-46.1,-23.95,2.));
#3567 = SURFACE_CURVE('',#3568,(#3573,#3580),.PCURVE_S1.);
#3568 = CIRCLE('',#3569,1.15);
#3569 = AXIS2_PLACEMENT_3D('',#3570,#3571,#3572);
#3570 = CARTESIAN_POINT('',(-47.25,-23.95,2.));
#3571 = DIRECTION('',(0.,0.,1.));
#3572 = DIRECTION('',(1.,0.,0.));
#3573 = PCURVE('',#3260,#3574);
#3574 = DEFINITIONAL_REPRESENTATION('',(#3575),#3579);
#3575 = LINE('',#3576,#3577);
#3576 = CARTESIAN_POINT('',(-0.,0.));
#3577 = VECTOR('',#3578,1.);
#3578 = DIRECTION('',(-1.,0.));
#3579 = ( GEOMETRIC_REPRESENTATION_CONTEXT(2) 
PARAMETRIC_REPRESENTATION_CONTEXT() REPRESENTATION_CONTEXT('2D SPACE',''
  ) );
#3580 = PCURVE('',#3581,#3586);
#3581 = PLANE('',#3582);
#3582 = AXIS2_PLACEMENT_3D('',#3583,#3584,#3585);
#3583 = CARTESIAN_POINT('',(-47.25,-23.95,2.));
#3584 = DIRECTION('',(0.,0.,1.));
#3585 = DIRECTION('',(1.,0.,0.));
#3586 = DEFINITIONAL_REPRESENTATION('',(#3587),#3591);
#3587 = CIRCLE('',#3588,1.15);
#3588 = AXIS2_PLACEMENT_2D('',#3589,#3590);
#3589 = CARTESIAN_POINT('',(1.486347970152E-16,-6.453130379405E-17));
#3590 = DIRECTION('',(1.,0.));
#3591 = ( GEOMETRIC_REPRESENTATION_CONTEXT(2) 
PARAMETRIC_REPRESENTATION_CONTEXT() REPRESENTATION_CONTEXT('2D SPACE',''
  ) );
#3592 = ORIENTED_EDGE('',*,*,#3593,.T.);
#3593 = EDGE_CURVE('',#3565,#3240,#3594,.T.);
#3594 = SEAM_CURVE('',#3595,(#3599,#3606),.PCURVE_S1.);
#3595 = LINE('',#3596,#3597);
#3596 = CARTESIAN_POINT('',(-46.1,-23.95,2.));
#3597 = VECTOR('',#3598,1.);
#3598 = DIRECTION('',(0.,0.,1.));
#3599 = PCURVE('',#3260,#3600);
#3600 = DEFINITIONAL_REPRESENTATION('',(#3601),#3605);
#3601 = LINE('',#3602,#3603);
#3602 = CARTESIAN_POINT('',(-6.28318530718,0.));
#3603 = VECTOR('',#3604,1.);
#3604 = DIRECTION('',(-0.,-1.));
#3605 = ( GEOMETRIC_REPRESENTATION_CONTEXT(2) 
PARAMETRIC_REPRESENTATION_CONTEXT() REPRESENTATION_CONTEXT('2D SPACE',''
  ) );
#3606 = PCURVE('',#3260,#3607);
#3607 = DEFINITIONAL_REPRESENTATION('',(#3608),#3612);
#3608 = LINE('',#3609,#3610);
#3609 = CARTESIAN_POINT('',(-0.,0.));
#3610 = VECTOR('',#3611,1.);
#3611 = DIRECTION('',(-0.,-1.));
#3612 = ( GEOMETRIC_REPRESENTATION_CONTEXT(2) 
PARAMETRIC_REPRESENTATION_CONTEXT() REPRESENTATION_CONTEXT('2D SPACE',''
  ) );
#3613 = ORIENTED_EDGE('',*,*,#3239,.F.);
#3614 = ORIENTED_EDGE('',*,*,#3593,.F.);
#3615 = ADVANCED_FACE('',(#3616),#3299,.F.);
#3616 = FACE_BOUND('',#3617,.T.);
#3617 = EDGE_LOOP('',(#3618,#3647,#3668,#3669));
#3618 = ORIENTED_EDGE('',*,*,#3619,.F.);
#3619 = EDGE_CURVE('',#3620,#3620,#3622,.T.);
#3620 = VERTEX_POINT('',#3621);
#3621 = CARTESIAN_POINT('',(54.5,-33.,2.));
#3622 = SURFACE_CURVE('',#3623,(#3628,#3635),.PCURVE_S1.);
#3623 = CIRCLE('',#3624,1.5);
#3624 = AXIS2_PLACEMENT_3D('',#3625,#3626,#3627);
#3625 = CARTESIAN_POINT('',(53.,-33.,2.));
#3626 = DIRECTION('',(0.,0.,1.));
#3627 = DIRECTION('',(1.,0.,0.));
#3628 = PCURVE('',#3299,#3629);
#3629 = DEFINITIONAL_REPRESENTATION('',(#3630),#3634);
#3630 = LINE('',#3631,#3632);
#3631 = CARTESIAN_POINT('',(-0.,0.));
#3632 = VECTOR('',#3633,1.);
#3633 = DIRECTION('',(-1.,0.));
#3634 = ( GEOMETRIC_REPRESENTATION_CONTEXT(2) 
PARAMETRIC_REPRESENTATION_CONTEXT() REPRESENTATION_CONTEXT('2D SPACE',''
  ) );
#3635 = PCURVE('',#3636,#3641);
#3636 = PLANE('',#3637);
#3637 = AXIS2_PLACEMENT_3D('',#3638,#3639,#3640);
#3638 = CARTESIAN_POINT('',(53.,-33.,2.));
#3639 = DIRECTION('',(0.,0.,1.));
#3640 = DIRECTION('',(1.,0.,0.));
#3641 = DEFINITIONAL_REPRESENTATION('',(#3642),#3646);
#3642 = CIRCLE('',#3643,1.5);
#3643 = AXIS2_PLACEMENT_2D('',#3644,#3645);
#3644 = CARTESIAN_POINT('',(1.139533443783E-16,4.255667768225E-18));
#3645 = DIRECTION('',(1.,0.));
#3646 = ( GEOMETRIC_REPRESENTATION_CONTEXT(2) 
PARAMETRIC_REPRESENTATION_CONTEXT() REPRESENTATION_CONTEXT('2D SPACE',''
  ) );
#3647 = ORIENTED_EDGE('',*,*,#3648,.T.);
#3648 = EDGE_CURVE('',#3620,#3279,#3649,.T.);
#3649 = SEAM_CURVE('',#3650,(#3654,#3661),.PCURVE_S1.);
#3650 = LINE('',#3651,#3652);
#3651 = CARTESIAN_POINT('',(54.5,-33.,2.));
#3652 = VECTOR('',#3653,1.);
#3653 = DIRECTION('',(0.,0.,1.));
#3654 = PCURVE('',#3299,#3655);
#3655 = DEFINITIONAL_REPRESENTATION('',(#3656),#3660);
#3656 = LINE('',#3657,#3658);
#3657 = CARTESIAN_POINT('',(-6.28318530718,0.));
#3658 = VECTOR('',#3659,1.);
#3659 = DIRECTION('',(-0.,-1.));
#3660 = ( GEOMETRIC_REPRESENTATION_CONTEXT(2) 
PARAMETRIC_REPRESENTATION_CONTEXT() REPRESENTATION_CONTEXT('2D SPACE',''
  ) );
#3661 = PCURVE('',#3299,#3662);
#3662 = DEFINITIONAL_REPRESENTATION('',(#3663),#3667);
#3663 = LINE('',#3664,#3665);
#3664 = CARTESIAN_POINT('',(-0.,0.));
#3665 = VECTOR('',#3666,1.);
#3666 = DIRECTION('',(-0.,-1.));
#3667 = ( GEOMETRIC_REPRESENTATION_CONTEXT(2) 
PARAMETRIC_REPRESENTATION_CONTEXT() REPRESENTATION_CONTEXT('2D SPACE',''
  ) );
#3668 = ORIENTED_EDGE('',*,*,#3278,.F.);
#3669 = ORIENTED_EDGE('',*,*,#3648,.F.);
#3670 = ADVANCED_FACE('',(#3671),#3338,.F.);
#3671 = FACE_BOUND('',#3672,.T.);
#3672 = EDGE_LOOP('',(#3673,#3702,#3723,#3724));
#3673 = ORIENTED_EDGE('',*,*,#3674,.F.);
#3674 = EDGE_CURVE('',#3675,#3675,#3677,.T.);
#3675 = VERTEX_POINT('',#3676);
#3676 = CARTESIAN_POINT('',(48.4,-23.95,2.));
#3677 = SURFACE_CURVE('',#3678,(#3683,#3690),.PCURVE_S1.);
#3678 = CIRCLE('',#3679,1.15);
#3679 = AXIS2_PLACEMENT_3D('',#3680,#3681,#3682);
#3680 = CARTESIAN_POINT('',(47.25,-23.95,2.));
#3681 = DIRECTION('',(0.,0.,1.));
#3682 = DIRECTION('',(1.,0.,0.));
#3683 = PCURVE('',#3338,#3684);
#3684 = DEFINITIONAL_REPRESENTATION('',(#3685),#3689);
#3685 = LINE('',#3686,#3687);
#3686 = CARTESIAN_POINT('',(-0.,0.));
#3687 = VECTOR('',#3688,1.);
#3688 = DIRECTION('',(-1.,0.));
#3689 = ( GEOMETRIC_REPRESENTATION_CONTEXT(2) 
PARAMETRIC_REPRESENTATION_CONTEXT() REPRESENTATION_CONTEXT('2D SPACE',''
  ) );
#3690 = PCURVE('',#3691,#3696);
#3691 = PLANE('',#3692);
#3692 = AXIS2_PLACEMENT_3D('',#3693,#3694,#3695);
#3693 = CARTESIAN_POINT('',(47.25,-23.95,2.));
#3694 = DIRECTION('',(0.,0.,1.));
#3695 = DIRECTION('',(1.,0.,0.));
#3696 = DEFINITIONAL_REPRESENTATION('',(#3697),#3701);
#3697 = CIRCLE('',#3698,1.15);
#3698 = AXIS2_PLACEMENT_2D('',#3699,#3700);
#3699 = CARTESIAN_POINT('',(1.486347970152E-16,-6.453130379405E-17));
#3700 = DIRECTION('',(1.,0.));
#3701 = ( GEOMETRIC_REPRESENTATION_CONTEXT(2) 
PARAMETRIC_REPRESENTATION_CONTEXT() REPRESENTATION_CONTEXT('2D SPACE',''
  ) );
#3702 = ORIENTED_EDGE('',*,*,#3703,.T.);
#3703 = EDGE_CURVE('',#3675,#3318,#3704,.T.);
#3704 = SEAM_CURVE('',#3705,(#3709,#3716),.PCURVE_S1.);
#3705 = LINE('',#3706,#3707);
#3706 = CARTESIAN_POINT('',(48.4,-23.95,2.));
#3707 = VECTOR('',#3708,1.);
#3708 = DIRECTION('',(0.,0.,1.));
#3709 = PCURVE('',#3338,#3710);
#3710 = DEFINITIONAL_REPRESENTATION('',(#3711),#3715);
#3711 = LINE('',#3712,#3713);
#3712 = CARTESIAN_POINT('',(-6.28318530718,0.));
#3713 = VECTOR('',#3714,1.);
#3714 = DIRECTION('',(-0.,-1.));
#3715 = ( GEOMETRIC_REPRESENTATION_CONTEXT(2) 
PARAMETRIC_REPRESENTATION_CONTEXT() REPRESENTATION_CONTEXT('2D SPACE',''
  ) );
#3716 = PCURVE('',#3338,#3717);
#3717 = DEFINITIONAL_REPRESENTATION('',(#3718),#3722);
#3718 = LINE('',#3719,#3720);
#3719 = CARTESIAN_POINT('',(-0.,0.));
#3720 = VECTOR('',#3721,1.);
#3721 = DIRECTION('',(-0.,-1.));
#3722 = ( GEOMETRIC_REPRESENTATION_CONTEXT(2) 
PARAMETRIC_REPRESENTATION_CONTEXT() REPRESENTATION_CONTEXT('2D SPACE',''
  ) );
#3723 = ORIENTED_EDGE('',*,*,#3317,.F.);
#3724 = ORIENTED_EDGE('',*,*,#3703,.F.);
#3725 = ADVANCED_FACE('',(#3726),#3377,.F.);
#3726 = FACE_BOUND('',#3727,.T.);
#3727 = EDGE_LOOP('',(#3728,#3757,#3778,#3779));
#3728 = ORIENTED_EDGE('',*,*,#3729,.F.);
#3729 = EDGE_CURVE('',#3730,#3730,#3732,.T.);
#3730 = VERTEX_POINT('',#3731);
#3731 = CARTESIAN_POINT('',(-46.1,23.95,2.));
#3732 = SURFACE_CURVE('',#3733,(#3738,#3745),.PCURVE_S1.);
#3733 = CIRCLE('',#3734,1.15);
#3734 = AXIS2_PLACEMENT_3D('',#3735,#3736,#3737);
#3735 = CARTESIAN_POINT('',(-47.25,23.95,2.));
#3736 = DIRECTION('',(0.,0.,1.));
#3737 = DIRECTION('',(1.,0.,0.));
#3738 = PCURVE('',#3377,#3739);
#3739 = DEFINITIONAL_REPRESENTATION('',(#3740),#3744);
#3740 = LINE('',#3741,#3742);
#3741 = CARTESIAN_POINT('',(-0.,0.));
#3742 = VECTOR('',#3743,1.);
#3743 = DIRECTION('',(-1.,0.));
#3744 = ( GEOMETRIC_REPRESENTATION_CONTEXT(2) 
PARAMETRIC_REPRESENTATION_CONTEXT() REPRESENTATION_CONTEXT('2D SPACE',''
  ) );
#3745 = PCURVE('',#3746,#3751);
#3746 = PLANE('',#3747);
#3747 = AXIS2_PLACEMENT_3D('',#3748,#3749,#3750);
#3748 = CARTESIAN_POINT('',(-47.25,23.95,2.));
#3749 = DIRECTION('',(0.,0.,1.));
#3750 = DIRECTION('',(1.,0.,0.));
#3751 = DEFINITIONAL_REPRESENTATION('',(#3752),#3756);
#3752 = CIRCLE('',#3753,1.15);
#3753 = AXIS2_PLACEMENT_2D('',#3754,#3755);
#3754 = CARTESIAN_POINT('',(1.486347970152E-16,-6.453130379405E-17));
#3755 = DIRECTION('',(1.,0.));
#3756 = ( GEOMETRIC_REPRESENTATION_CONTEXT(2) 
PARAMETRIC_REPRESENTATION_CONTEXT() REPRESENTATION_CONTEXT('2D SPACE',''
  ) );
#3757 = ORIENTED_EDGE('',*,*,#3758,.T.);
#3758 = EDGE_CURVE('',#3730,#3357,#3759,.T.);
#3759 = SEAM_CURVE('',#3760,(#3764,#3771),.PCURVE_S1.);
#3760 = LINE('',#3761,#3762);
#3761 = CARTESIAN_POINT('',(-46.1,23.95,2.));
#3762 = VECTOR('',#3763,1.);
#3763 = DIRECTION('',(0.,0.,1.));
#3764 = PCURVE('',#3377,#3765);
#3765 = DEFINITIONAL_REPRESENTATION('',(#3766),#3770);
#3766 = LINE('',#3767,#3768);
#3767 = CARTESIAN_POINT('',(-6.28318530718,0.));
#3768 = VECTOR('',#3769,1.);
#3769 = DIRECTION('',(-0.,-1.));
#3770 = ( GEOMETRIC_REPRESENTATION_CONTEXT(2) 
PARAMETRIC_REPRESENTATION_CONTEXT() REPRESENTATION_CONTEXT('2D SPACE',''
  ) );
#3771 = PCURVE('',#3377,#3772);
#3772 = DEFINITIONAL_REPRESENTATION('',(#3773),#3777);
#3773 = LINE('',#3774,#3775);
#3774 = CARTESIAN_POINT('',(-0.,0.));
#3775 = VECTOR('',#3776,1.);
#3776 = DIRECTION('',(-0.,-1.));
#3777 = ( GEOMETRIC_REPRESENTATION_CONTEXT(2) 
PARAMETRIC_REPRESENTATION_CONTEXT() REPRESENTATION_CONTEXT('2D SPACE',''
  ) );
#3778 = ORIENTED_EDGE('',*,*,#3356,.F.);
#3779 = ORIENTED_EDGE('',*,*,#3758,.F.);
#3780 = ADVANCED_FACE('',(#3781),#3416,.F.);
#3781 = FACE_BOUND('',#3782,.T.);
#3782 = EDGE_LOOP('',(#3783,#3812,#3833,#3834));
#3783 = ORIENTED_EDGE('',*,*,#3784,.F.);
#3784 = EDGE_CURVE('',#3785,#3785,#3787,.T.);
#3785 = VERTEX_POINT('',#3786);
#3786 = CARTESIAN_POINT('',(-51.5,33.,2.));
#3787 = SURFACE_CURVE('',#3788,(#3793,#3800),.PCURVE_S1.);
#3788 = CIRCLE('',#3789,1.5);
#3789 = AXIS2_PLACEMENT_3D('',#3790,#3791,#3792);
#3790 = CARTESIAN_POINT('',(-53.,33.,2.));
#3791 = DIRECTION('',(0.,0.,1.));
#3792 = DIRECTION('',(1.,0.,0.));
#3793 = PCURVE('',#3416,#3794);
#3794 = DEFINITIONAL_REPRESENTATION('',(#3795),#3799);
#3795 = LINE('',#3796,#3797);
#3796 = CARTESIAN_POINT('',(-0.,0.));
#3797 = VECTOR('',#3798,1.);
#3798 = DIRECTION('',(-1.,0.));
#3799 = ( GEOMETRIC_REPRESENTATION_CONTEXT(2) 
PARAMETRIC_REPRESENTATION_CONTEXT() REPRESENTATION_CONTEXT('2D SPACE',''
  ) );
#3800 = PCURVE('',#3801,#3806);
#3801 = PLANE('',#3802);
#3802 = AXIS2_PLACEMENT_3D('',#3803,#3804,#3805);
#3803 = CARTESIAN_POINT('',(-53.,33.,2.));
#3804 = DIRECTION('',(0.,0.,1.));
#3805 = DIRECTION('',(1.,0.,0.));
#3806 = DEFINITIONAL_REPRESENTATION('',(#3807),#3811);
#3807 = CIRCLE('',#3808,1.5);
#3808 = AXIS2_PLACEMENT_2D('',#3809,#3810);
#3809 = CARTESIAN_POINT('',(1.139533443783E-16,4.255667768225E-18));
#3810 = DIRECTION('',(1.,0.));
#3811 = ( GEOMETRIC_REPRESENTATION_CONTEXT(2) 
PARAMETRIC_REPRESENTATION_CONTEXT() REPRESENTATION_CONTEXT('2D SPACE',''
  ) );
#3812 = ORIENTED_EDGE('',*,*,#3813,.T.);
#3813 = EDGE_CURVE('',#3785,#3396,#3814,.T.);
#3814 = SEAM_CURVE('',#3815,(#3819,#3826),.PCURVE_S1.);
#3815 = LINE('',#3816,#3817);
#3816 = CARTESIAN_POINT('',(-51.5,33.,2.));
#3817 = VECTOR('',#3818,1.);
#3818 = DIRECTION('',(0.,0.,1.));
#3819 = PCURVE('',#3416,#3820);
#3820 = DEFINITIONAL_REPRESENTATION('',(#3821),#3825);
#3821 = LINE('',#3822,#3823);
#3822 = CARTESIAN_POINT('',(-6.28318530718,0.));
#3823 = VECTOR('',#3824,1.);
#3824 = DIRECTION('',(-0.,-1.));
#3825 = ( GEOMETRIC_REPRESENTATION_CONTEXT(2) 
PARAMETRIC_REPRESENTATION_CONTEXT() REPRESENTATION_CONTEXT('2D SPACE',''
  ) );
#3826 = PCURVE('',#3416,#3827);
#3827 = DEFINITIONAL_REPRESENTATION('',(#3828),#3832);
#3828 = LINE('',#3829,#3830);
#3829 = CARTESIAN_POINT('',(-0.,0.));
#3830 = VECTOR('',#3831,1.);
#3831 = DIRECTION('',(-0.,-1.));
#3832 = ( GEOMETRIC_REPRESENTATION_CONTEXT(2) 
PARAMETRIC_REPRESENTATION_CONTEXT() REPRESENTATION_CONTEXT('2D SPACE',''
  ) );
#3833 = ORIENTED_EDGE('',*,*,#3395,.F.);
#3834 = ORIENTED_EDGE('',*,*,#3813,.F.);
#3835 = ADVANCED_FACE('',(#3836),#3455,.F.);
#3836 = FACE_BOUND('',#3837,.T.);
#3837 = EDGE_LOOP('',(#3838,#3867,#3888,#3889));
#3838 = ORIENTED_EDGE('',*,*,#3839,.F.);
#3839 = EDGE_CURVE('',#3840,#3840,#3842,.T.);
#3840 = VERTEX_POINT('',#3841);
#3841 = CARTESIAN_POINT('',(48.4,23.95,2.));
#3842 = SURFACE_CURVE('',#3843,(#3848,#3855),.PCURVE_S1.);
#3843 = CIRCLE('',#3844,1.15);
#3844 = AXIS2_PLACEMENT_3D('',#3845,#3846,#3847);
#3845 = CARTESIAN_POINT('',(47.25,23.95,2.));
#3846 = DIRECTION('',(0.,0.,1.));
#3847 = DIRECTION('',(1.,0.,0.));
#3848 = PCURVE('',#3455,#3849);
#3849 = DEFINITIONAL_REPRESENTATION('',(#3850),#3854);
#3850 = LINE('',#3851,#3852);
#3851 = CARTESIAN_POINT('',(-0.,0.));
#3852 = VECTOR('',#3853,1.);
#3853 = DIRECTION('',(-1.,0.));
#3854 = ( GEOMETRIC_REPRESENTATION_CONTEXT(2) 
PARAMETRIC_REPRESENTATION_CONTEXT() REPRESENTATION_CONTEXT('2D SPACE',''
  ) );
#3855 = PCURVE('',#3856,#3861);
#3856 = PLANE('',#3857);
#3857 = AXIS2_PLACEMENT_3D('',#3858,#3859,#3860);
#3858 = CARTESIAN_POINT('',(47.25,23.95,2.));
#3859 = DIRECTION('',(0.,0.,1.));
#3860 = DIRECTION('',(1.,0.,0.));
#3861 = DEFINITIONAL_REPRESENTATION('',(#3862),#3866);
#3862 = CIRCLE('',#3863,1.15);
#3863 = AXIS2_PLACEMENT_2D('',#3864,#3865);
#3864 = CARTESIAN_POINT('',(1.486347970152E-16,-6.453130379405E-17));
#3865 = DIRECTION('',(1.,0.));
#3866 = ( GEOMETRIC_REPRESENTATION_CONTEXT(2) 
PARAMETRIC_REPRESENTATION_CONTEXT() REPRESENTATION_CONTEXT('2D SPACE',''
  ) );
#3867 = ORIENTED_EDGE('',*,*,#3868,.T.);
#3868 = EDGE_CURVE('',#3840,#3435,#3869,.T.);
#3869 = SEAM_CURVE('',#3870,(#3874,#3881),.PCURVE_S1.);
#3870 = LINE('',#3871,#3872);
#3871 = CARTESIAN_POINT('',(48.4,23.95,2.));
#3872 = VECTOR('',#3873,1.);
#3873 = DIRECTION('',(0.,0.,1.));
#3874 = PCURVE('',#3455,#3875);
#3875 = DEFINITIONAL_REPRESENTATION('',(#3876),#3880);
#3876 = LINE('',#3877,#3878);
#3877 = CARTESIAN_POINT('',(-6.28318530718,0.));
#3878 = VECTOR('',#3879,1.);
#3879 = DIRECTION('',(-0.,-1.));
#3880 = ( GEOMETRIC_REPRESENTATION_CONTEXT(2) 
PARAMETRIC_REPRESENTATION_CONTEXT() REPRESENTATION_CONTEXT('2D SPACE',''
  ) );
#3881 = PCURVE('',#3455,#3882);
#3882 = DEFINITIONAL_REPRESENTATION('',(#3883),#3887);
#3883 = LINE('',#3884,#3885);
#3884 = CARTESIAN_POINT('',(-0.,0.));
#3885 = VECTOR('',#3886,1.);
#3886 = DIRECTION('',(-0.,-1.));
#3887 = ( GEOMETRIC_REPRESENTATION_CONTEXT(2) 
PARAMETRIC_REPRESENTATION_CONTEXT() REPRESENTATION_CONTEXT('2D SPACE',''
  ) );
#3888 = ORIENTED_EDGE('',*,*,#3434,.F.);
#3889 = ORIENTED_EDGE('',*,*,#3868,.F.);
#3890 = ADVANCED_FACE('',(#3891),#3494,.F.);
#3891 = FACE_BOUND('',#3892,.T.);
#3892 = EDGE_LOOP('',(#3893,#3922,#3943,#3944));
#3893 = ORIENTED_EDGE('',*,*,#3894,.F.);
#3894 = EDGE_CURVE('',#3895,#3895,#3897,.T.);
#3895 = VERTEX_POINT('',#3896);
#3896 = CARTESIAN_POINT('',(54.5,33.,2.));
#3897 = SURFACE_CURVE('',#3898,(#3903,#3910),.PCURVE_S1.);
#3898 = CIRCLE('',#3899,1.5);
#3899 = AXIS2_PLACEMENT_3D('',#3900,#3901,#3902);
#3900 = CARTESIAN_POINT('',(53.,33.,2.));
#3901 = DIRECTION('',(0.,0.,1.));
#3902 = DIRECTION('',(1.,0.,0.));
#3903 = PCURVE('',#3494,#3904);
#3904 = DEFINITIONAL_REPRESENTATION('',(#3905),#3909);
#3905 = LINE('',#3906,#3907);
#3906 = CARTESIAN_POINT('',(-0.,0.));
#3907 = VECTOR('',#3908,1.);
#3908 = DIRECTION('',(-1.,0.));
#3909 = ( GEOMETRIC_REPRESENTATION_CONTEXT(2) 
PARAMETRIC_REPRESENTATION_CONTEXT() REPRESENTATION_CONTEXT('2D SPACE',''
  ) );
#3910 = PCURVE('',#3911,#3916);
#3911 = PLANE('',#3912);
#3912 = AXIS2_PLACEMENT_3D('',#3913,#3914,#3915);
#3913 = CARTESIAN_POINT('',(53.,33.,2.));
#3914 = DIRECTION('',(0.,0.,1.));
#3915 = DIRECTION('',(1.,0.,0.));
#3916 = DEFINITIONAL_REPRESENTATION('',(#3917),#3921);
#3917 = CIRCLE('',#3918,1.5);
#3918 = AXIS2_PLACEMENT_2D('',#3919,#3920);
#3919 = CARTESIAN_POINT('',(1.139533443783E-16,4.255667768225E-18));
#3920 = DIRECTION('',(1.,0.));
#3921 = ( GEOMETRIC_REPRESENTATION_CONTEXT(2) 
PARAMETRIC_REPRESENTATION_CONTEXT() REPRESENTATION_CONTEXT('2D SPACE',''
  ) );
#3922 = ORIENTED_EDGE('',*,*,#3923,.T.);
#3923 = EDGE_CURVE('',#3895,#3474,#3924,.T.);
#3924 = SEAM_CURVE('',#3925,(#3929,#3936),.PCURVE_S1.);
#3925 = LINE('',#3926,#3927);
#3926 = CARTESIAN_POINT('',(54.5,33.,2.));
#3927 = VECTOR('',#3928,1.);
#3928 = DIRECTION('',(0.,0.,1.));
#3929 = PCURVE('',#3494,#3930);
#3930 = DEFINITIONAL_REPRESENTATION('',(#3931),#3935);
#3931 = LINE('',#3932,#3933);
#3932 = CARTESIAN_POINT('',(-6.28318530718,0.));
#3933 = VECTOR('',#3934,1.);
#3934 = DIRECTION('',(-0.,-1.));
#3935 = ( GEOMETRIC_REPRESENTATION_CONTEXT(2) 
PARAMETRIC_REPRESENTATION_CONTEXT() REPRESENTATION_CONTEXT('2D SPACE',''
  ) );
#3936 = PCURVE('',#3494,#3937);
#3937 = DEFINITIONAL_REPRESENTATION('',(#3938),#3942);
#3938 = LINE('',#3939,#3940);
#3939 = CARTESIAN_POINT('',(-0.,0.));
#3940 = VECTOR('',#3941,1.);
#3941 = DIRECTION('',(-0.,-1.));
#3942 = ( GEOMETRIC_REPRESENTATION_CONTEXT(2) 
PARAMETRIC_REPRESENTATION_CONTEXT() REPRESENTATION_CONTEXT('2D SPACE',''
  ) );
#3943 = ORIENTED_EDGE('',*,*,#3473,.F.);
#3944 = ORIENTED_EDGE('',*,*,#3923,.F.);
#3945 = ADVANCED_FACE('',(#3946),#3526,.T.);
#3946 = FACE_BOUND('',#3947,.T.);
#3947 = EDGE_LOOP('',(#3948));
#3948 = ORIENTED_EDGE('',*,*,#3509,.T.);
#3949 = ADVANCED_FACE('',(#3950),#3581,.T.);
#3950 = FACE_BOUND('',#3951,.T.);
#3951 = EDGE_LOOP('',(#3952));
#3952 = ORIENTED_EDGE('',*,*,#3564,.T.);
#3953 = ADVANCED_FACE('',(#3954),#3636,.T.);
#3954 = FACE_BOUND('',#3955,.T.);
#3955 = EDGE_LOOP('',(#3956));
#3956 = ORIENTED_EDGE('',*,*,#3619,.T.);
#3957 = ADVANCED_FACE('',(#3958),#3691,.T.);
#3958 = FACE_BOUND('',#3959,.T.);
#3959 = EDGE_LOOP('',(#3960));
#3960 = ORIENTED_EDGE('',*,*,#3674,.T.);
#3961 = ADVANCED_FACE('',(#3962),#3746,.T.);
#3962 = FACE_BOUND('',#3963,.T.);
#3963 = EDGE_LOOP('',(#3964));
#3964 = ORIENTED_EDGE('',*,*,#3729,.T.);
#3965 = ADVANCED_FACE('',(#3966),#3801,.T.);
#3966 = FACE_BOUND('',#3967,.T.);
#3967 = EDGE_LOOP('',(#3968));
#3968 = ORIENTED_EDGE('',*,*,#3784,.T.);
#3969 = ADVANCED_FACE('',(#3970),#3856,.T.);
#3970 = FACE_BOUND('',#3971,.T.);
#3971 = EDGE_LOOP('',(#3972));
#3972 = ORIENTED_EDGE('',*,*,#3839,.T.);
#3973 = ADVANCED_FACE('',(#3974),#3911,.T.);
#3974 = FACE_BOUND('',#3975,.T.);
#3975 = EDGE_LOOP('',(#3976));
#3976 = ORIENTED_EDGE('',*,*,#3894,.T.);
#3977 = ( GEOMETRIC_REPRESENTATION_CONTEXT(3) 
GLOBAL_UNCERTAINTY_ASSIGNED_CONTEXT((#3981)) 
GLOBAL_UNIT_ASSIGNED_CONTEXT((#3978,#3979,#3980)) REPRESENTATION_CONTEXT
('Context #1','3D Context with UNIT and UNCERTAINTY') );
#3978 = ( LENGTH_UNIT() NAMED_UNIT(*) SI_UNIT(.MILLI.,.METRE.) );
#3979 = ( NAMED_UNIT(*) PLANE_ANGLE_UNIT() SI_UNIT($,.RADIAN.) );
#3980 = ( NAMED_UNIT(*) SI_UNIT($,.STERADIAN.) SOLID_ANGLE_UNIT() );
#3981 = UNCERTAINTY_MEASURE_WITH_UNIT(LENGTH_MEASURE(1.E-07),#3978,
  'distance_accuracy_value','confusion accuracy');
#3982 = CONTEXT_DEPENDENT_SHAPE_REPRESENTATION(#3983,#3985);
#3983 = ( REPRESENTATION_RELATIONSHIP('','',#32,#10) 
REPRESENTATION_RELATIONSHIP_WITH_TRANSFORMATION(#3984) 
SHAPE_REPRESENTATION_RELATIONSHIP() );
#3984 = ITEM_DEFINED_TRANSFORMATION('','',#11,#15);
#3985 = PRODUCT_DEFINITION_SHAPE('Placement','Placement of an item',
  #3986);
#3986 = NEXT_ASSEMBLY_USAGE_OCCURRENCE('1','=>[0:1:1:2]','',#5,#27,$);
#3987 = PRODUCT_RELATED_PRODUCT_CATEGORY('part',$,(#29));
ENDSEC;
END-ISO-10303-21;
